id,fold,split
1,0,test
2,0,test
3,0,test
4,0,test
5,0,test
6,0,test
7,0,test
8,0,test
9,0,test
10,0,test
11,0,test
12,0,test
13,0,test
14,0,test
15,0,test
16,0,test
17,0,test
18,0,test
19,0,test
20,0,test
21,0,test
22,0,test
23,0,test
24,0,test
25,0,test
26,0,test
27,0,test
28,0,test
29,0,test
30,0,test
31,0,test
32,0,test
33,0,test
34,0,test
35,0,test
36,0,test
37,0,test
38,0,test
39,0,test
40,0,test
41,0,test
42,0,test
43,0,test
44,0,test
45,0,test
46,0,test
47,0,test
48,0,test
49,0,test
50,0,test
51,0,test
52,0,test
53,0,test
54,0,test
55,0,test
56,0,test
57,0,test
58,0,test
59,0,test
60,0,test
61,0,test
62,0,test
63,0,test
64,0,test
65,0,test
66,0,test
67,0,test
68,0,test
69,0,test
70,0,test
71,0,test
72,0,test
73,0,test
74,0,test
75,0,test
76,0,test
77,0,test
78,0,test
79,0,test
80,0,test
81,0,test
82,0,test
83,0,test
84,0,test
85,0,test
86,0,test
87,0,test
88,0,test
89,0,test
90,0,test
91,0,test
92,0,test
93,0,test
94,0,test
95,0,test
96,0,test
97,0,test
98,0,test
99,0,test
100,0,test
101,0,test
102,0,test
103,0,test
104,0,test
105,0,test
106,0,test
107,0,test
108,0,test
109,0,test
110,0,test
111,0,test
112,0,test
113,0,test
114,0,test
115,0,test
116,0,test
117,0,test
118,0,test
119,0,test
120,0,test
121,0,test
122,0,test
123,0,test
124,0,test
125,0,test
126,0,test
127,0,test
128,0,test
129,0,test
130,0,test
131,0,test
132,0,test
133,0,test
134,0,test
135,0,test
136,0,test
137,0,test
138,0,test
139,0,test
140,0,test
141,0,test
142,0,test
143,0,test
144,0,test
145,0,test
146,0,test
147,0,test
148,0,test
149,0,test
150,0,test
151,0,test
152,0,test
153,0,test
154,0,test
155,0,test
156,0,test
157,0,test
158,0,test
159,0,test
160,0,test
161,0,test
162,0,test
163,0,test
164,0,test
165,0,test
166,0,test
167,0,test
168,0,test
169,0,test
170,0,test
171,0,test
172,0,test
173,0,test
174,0,test
175,0,test
176,0,test
177,0,test
178,0,test
179,0,test
180,0,test
181,0,test
182,0,test
183,0,test
184,0,test
185,0,test
186,0,test
187,0,test
188,0,test
189,0,test
190,0,test
191,0,test
192,0,test
193,0,test
194,0,test
195,0,test
196,0,test
197,0,test
198,0,test
199,0,test
200,0,test
201,0,test
202,0,test
203,0,test
204,0,test
205,0,test
206,0,test
207,0,test
208,0,test
209,0,test
210,0,test
211,0,test
212,0,test
213,0,test
214,0,test
215,0,test
216,0,test
217,0,test
218,0,test
219,0,test
220,0,test
221,0,test
222,0,test
223,0,test
224,0,test
225,0,test
226,0,test
227,0,test
228,0,test
229,0,test
230,0,test
231,0,test
232,0,test
233,0,test
234,0,test
235,0,test
236,0,test
237,0,test
238,0,test
239,0,test
240,0,test
241,0,test
242,0,test
243,0,test
244,0,test
245,0,test
246,0,test
247,0,test
248,0,test
249,0,test
250,0,test
251,0,test
252,0,test
253,0,test
254,0,test
255,0,test
256,0,test
257,0,test
258,0,test
259,0,test
260,0,test
261,0,test
262,0,test
263,0,test
264,0,test
265,0,test
266,0,test
267,0,test
268,0,test
269,0,test
270,0,test
271,0,test
272,0,test
273,0,test
274,0,test
275,0,test
276,0,test
277,0,test
278,0,test
279,5,train
280,5,train
281,5,train
282,5,train
283,5,train
284,5,train
285,5,train
286,5,train
287,5,train
288,7,validation
289,5,train
290,5,train
291,5,train
292,9,train
293,5,train
294,5,train
295,5,train
296,5,train
297,5,train
298,5,train
299,5,train
300,5,train
301,5,train
302,6,train
303,6,train
304,6,train
305,6,train
306,6,train
307,6,train
308,6,train
309,6,train
310,6,train
311,6,train
312,6,train
313,9,train
314,6,train
315,6,train
316,9,train
317,9,train
318,6,train
319,6,train
320,6,train
321,6,train
322,6,train
323,6,train
324,6,train
325,4,train
326,6,train
327,6,train
328,6,train
329,6,train
330,6,train
331,6,train
332,6,train
333,6,train
334,6,train
335,6,train
336,6,train
337,6,train
338,6,train
339,6,train
340,6,train
341,6,train
342,6,train
343,6,train
344,6,train
345,6,train
346,6,train
347,6,train
348,6,train
349,6,train
350,6,train
351,6,train
352,6,train
353,6,train
354,6,train
355,6,train
356,6,train
357,6,train
358,6,train
359,6,train
360,6,train
361,6,train
362,6,train
363,6,train
364,6,train
365,6,train
366,6,train
367,6,train
368,6,train
369,6,train
370,6,train
371,6,train
372,6,train
373,6,train
374,6,train
375,6,train
376,6,train
377,6,train
378,6,train
379,6,train
380,6,train
381,6,train
382,9,train
383,6,train
384,6,train
385,6,train
386,6,train
387,6,train
388,6,train
389,6,train
390,6,train
391,6,train
392,6,train
393,6,train
394,6,train
395,6,train
396,6,train
397,6,train
398,6,train
399,6,train
400,6,train
401,6,train
402,6,train
403,6,train
404,6,train
405,6,train
406,6,train
407,6,train
408,6,train
409,6,train
410,6,train
411,6,train
412,6,train
413,6,train
414,6,train
415,6,train
416,6,train
417,6,train
418,6,train
419,6,train
420,6,train
421,6,train
422,6,train
423,6,train
424,6,train
425,6,train
426,6,train
427,6,train
428,6,train
429,6,train
430,6,train
431,6,train
432,6,train
433,6,train
434,6,train
435,6,train
436,6,train
437,6,train
438,6,train
439,6,train
440,6,train
441,6,train
442,6,train
443,6,train
444,6,train
445,6,train
446,6,train
447,6,train
448,6,train
449,6,train
450,6,train
451,6,train
452,6,train
453,6,train
454,6,train
455,6,train
456,6,train
457,6,train
458,6,train
459,6,train
460,6,train
461,6,train
462,6,train
463,7,validation
464,7,validation
465,7,validation
466,7,validation
467,7,validation
468,7,validation
469,7,validation
470,7,validation
471,7,validation
472,7,validation
473,7,validation
474,7,validation
475,7,validation
476,7,validation
477,7,validation
478,7,validation
479,7,validation
480,7,validation
481,7,validation
482,7,validation
483,9,train
484,7,validation
485,7,validation
486,7,validation
487,7,validation
488,7,validation
489,7,validation
490,7,validation
491,7,validation
492,7,validation
493,7,validation
494,7,validation
495,5,train
496,5,train
497,5,train
498,5,train
499,5,train
500,5,train
501,5,train
502,7,validation
503,7,validation
504,7,validation
505,7,validation
506,7,validation
507,7,validation
508,7,validation
509,7,validation
510,7,validation
511,7,validation
512,7,validation
513,7,validation
514,7,validation
515,7,validation
516,7,validation
517,7,validation
518,7,validation
519,7,validation
520,7,validation
521,7,validation
522,7,validation
523,7,validation
524,7,validation
525,7,validation
526,7,validation
527,7,validation
528,7,validation
529,7,validation
530,7,validation
531,7,validation
532,7,validation
533,7,validation
534,7,validation
535,7,validation
536,7,validation
537,7,validation
538,7,validation
539,7,validation
540,7,validation
541,7,validation
542,7,validation
543,7,validation
544,7,validation
545,7,validation
546,7,validation
547,7,validation
548,7,validation
549,7,validation
550,7,validation
551,7,validation
552,7,validation
553,7,validation
554,7,validation
555,7,validation
556,7,validation
557,7,validation
558,7,validation
559,7,validation
560,7,validation
561,7,validation
562,7,validation
563,7,validation
564,7,validation
565,7,validation
566,7,validation
567,7,validation
568,7,validation
569,7,validation
570,7,validation
571,7,validation
572,7,validation
573,7,validation
574,7,validation
575,9,train
576,9,train
577,7,validation
578,7,validation
579,7,validation
580,7,validation
581,9,train
582,7,validation
583,7,validation
584,7,validation
585,7,validation
586,7,validation
587,7,validation
588,7,validation
589,7,validation
590,7,validation
591,7,validation
592,7,validation
593,8,train
594,7,validation
595,7,validation
596,7,validation
597,7,validation
598,7,validation
599,9,train
600,7,validation
601,7,validation
602,7,validation
603,7,validation
604,7,validation
605,7,validation
606,7,validation
607,7,validation
608,7,validation
609,7,validation
610,7,validation
611,7,validation
612,7,validation
613,7,validation
614,7,validation
615,7,validation
616,7,validation
617,7,validation
618,7,validation
619,7,validation
620,7,validation
621,7,validation
622,7,validation
623,7,validation
624,7,validation
625,7,validation
626,7,validation
627,7,validation
628,7,validation
629,7,validation
630,7,validation
631,7,validation
632,7,validation
633,7,validation
634,7,validation
635,9,train
636,7,validation
637,7,validation
638,4,train
639,4,train
640,4,train
641,4,train
642,4,train
643,4,train
644,9,train
645,4,train
646,4,train
647,4,train
648,4,train
649,9,train
650,9,train
651,9,train
652,4,train
653,4,train
654,4,train
655,9,train
656,9,train
657,9,train
658,7,validation
659,4,train
660,4,train
661,4,train
662,4,train
663,4,train
664,4,train
665,4,train
666,4,train
667,4,train
668,4,train
669,4,train
670,4,train
671,4,train
672,4,train
673,4,train
674,9,train
675,4,train
676,4,train
677,4,train
678,4,train
679,4,train
680,4,train
681,4,train
682,9,train
683,4,train
684,9,train
685,9,train
686,4,train
687,4,train
688,4,train
689,4,train
690,9,train
691,9,train
692,9,train
693,1,train
694,1,train
695,1,train
696,1,train
697,1,train
698,1,train
699,1,train
700,1,train
701,1,train
702,1,train
703,8,train
704,8,train
705,8,train
706,1,train
707,1,train
708,1,train
709,1,train
710,1,train
711,8,train
712,1,train
713,1,train
714,8,train
715,1,train
716,1,train
717,1,train
718,1,train
719,1,train
720,1,train
721,1,train
722,1,train
723,4,train
724,4,train
725,4,train
726,4,train
727,4,train
728,4,train
729,4,train
730,4,train
731,4,train
732,4,train
733,4,train
734,4,train
735,4,train
736,4,train
737,4,train
738,4,train
739,4,train
740,4,train
741,1,train
742,4,train
743,4,train
744,4,train
745,4,train
746,8,train
747,4,train
748,4,train
749,4,train
750,4,train
751,4,train
752,4,train
753,4,train
754,4,train
755,4,train
756,4,train
757,4,train
758,4,train
759,4,train
760,4,train
761,4,train
762,4,train
763,4,train
764,4,train
765,4,train
766,4,train
767,4,train
768,4,train
769,4,train
770,4,train
771,4,train
772,4,train
773,4,train
774,4,train
775,4,train
776,4,train
777,4,train
778,4,train
779,4,train
780,4,train
781,4,train
782,4,train
783,4,train
784,4,train
785,4,train
786,8,train
787,4,train
788,4,train
789,4,train
790,4,train
791,4,train
792,4,train
793,4,train
794,4,train
795,4,train
796,4,train
797,4,train
798,4,train
799,4,train
800,4,train
801,4,train
802,4,train
803,4,train
804,4,train
805,4,train
806,4,train
807,4,train
808,4,train
809,4,train
810,4,train
811,4,train
812,4,train
813,4,train
814,4,train
815,4,train
816,4,train
817,4,train
818,4,train
819,4,train
820,4,train
821,4,train
822,4,train
823,4,train
824,4,train
825,4,train
826,4,train
827,4,train
828,4,train
829,4,train
830,4,train
831,4,train
832,4,train
833,4,train
834,4,train
835,4,train
836,4,train
837,4,train
838,4,train
839,4,train
840,4,train
841,4,train
842,4,train
843,4,train
844,4,train
845,4,train
846,4,train
847,4,train
848,4,train
849,4,train
850,4,train
851,1,train
852,4,train
853,4,train
854,4,train
855,4,train
856,4,train
857,4,train
858,4,train
859,4,train
860,4,train
861,4,train
862,4,train
863,4,train
864,4,train
865,4,train
866,4,train
867,4,train
868,4,train
869,4,train
870,4,train
871,4,train
872,4,train
873,4,train
874,4,train
875,4,train
876,4,train
877,4,train
878,4,train
879,4,train
880,4,train
881,4,train
882,4,train
883,4,train
884,4,train
885,4,train
886,4,train
887,4,train
888,4,train
889,4,train
890,4,train
891,4,train
892,4,train
893,4,train
894,4,train
895,4,train
896,4,train
897,3,train
898,3,train
899,8,train
900,3,train
901,3,train
902,3,train
903,3,train
904,3,train
905,3,train
906,3,train
907,3,train
908,3,train
909,7,validation
910,8,train
911,3,train
912,3,train
913,3,train
914,3,train
915,3,train
916,3,train
917,3,train
918,3,train
919,3,train
920,3,train
921,3,train
922,3,train
923,3,train
924,3,train
925,3,train
926,3,train
927,3,train
928,3,train
929,3,train
930,3,train
931,3,train
932,3,train
933,3,train
934,3,train
935,3,train
936,3,train
937,2,train
938,2,train
939,2,train
940,2,train
941,2,train
942,2,train
943,2,train
944,2,train
945,2,train
946,2,train
947,2,train
948,2,train
949,2,train
950,2,train
951,2,train
952,2,train
953,2,train
954,2,train
955,2,train
956,2,train
957,2,train
958,2,train
959,2,train
960,2,train
961,2,train
962,2,train
963,2,train
964,2,train
965,2,train
966,2,train
967,2,train
968,2,train
969,2,train
970,2,train
971,2,train
972,2,train
973,2,train
974,2,train
975,2,train
976,2,train
977,2,train
978,2,train
979,2,train
980,2,train
981,2,train
982,2,train
983,2,train
984,2,train
985,2,train
986,2,train
987,2,train
988,2,train
989,2,train
990,2,train
991,2,train
992,2,train
993,2,train
994,2,train
995,2,train
996,2,train
997,2,train
998,2,train
999,2,train
1000,2,train
1001,2,train
1002,2,train
1003,2,train
1004,2,train
1005,2,train
1006,2,train
1007,2,train
1008,2,train
1009,2,train
1010,2,train
1011,2,train
1012,2,train
1013,2,train
1014,2,train
1015,2,train
1016,2,train
1017,2,train
1018,2,train
1019,2,train
1020,2,train
1021,2,train
1022,2,train
1023,2,train
1024,2,train
1025,2,train
1026,2,train
1027,2,train
1028,2,train
1029,2,train
1030,2,train
1031,2,train
1032,2,train
1033,2,train
1034,2,train
1035,2,train
1036,2,train
1037,2,train
1038,2,train
1039,2,train
1040,2,train
1041,2,train
1042,2,train
1043,2,train
1044,2,train
1045,2,train
1046,2,train
1047,2,train
1048,2,train
1049,2,train
1050,2,train
1051,2,train
1052,2,train
1053,2,train
1054,2,train
1055,2,train
1056,2,train
1057,2,train
1058,2,train
1059,2,train
1060,2,train
1061,2,train
1062,2,train
1063,2,train
1064,2,train
1065,2,train
1066,2,train
1067,2,train
1068,2,train
1069,2,train
1070,2,train
1071,2,train
1072,2,train
1073,2,train
1074,2,train
1075,2,train
1076,2,train
1077,2,train
1078,2,train
1079,2,train
1080,2,train
1081,2,train
1082,2,train
1083,2,train
1084,2,train
1085,2,train
1086,2,train
1087,2,train
1088,2,train
1089,2,train
1090,2,train
1091,2,train
1092,2,train
1093,2,train
1094,2,train
1095,2,train
1096,2,train
1097,2,train
1098,2,train
1099,2,train
1100,2,train
1101,2,train
1102,2,train
1103,2,train
1104,2,train
1105,2,train
1106,2,train
1107,2,train
1108,2,train
1109,2,train
1110,2,train
1111,2,train
1112,2,train
1113,2,train
1114,2,train
1115,2,train
1116,2,train
1117,2,train
1118,2,train
1119,2,train
1120,2,train
1121,2,train
1122,2,train
1123,2,train
1124,2,train
1125,2,train
1126,2,train
1127,2,train
1128,2,train
1129,2,train
1130,2,train
1131,2,train
1132,2,train
1133,2,train
1134,2,train
1135,2,train
1136,8,train
1137,2,train
1138,2,train
1139,2,train
1140,2,train
1141,2,train
1142,2,train
1143,2,train
1144,2,train
1145,2,train
1146,2,train
1147,2,train
1148,2,train
1149,2,train
1150,2,train
1151,2,train
1152,2,train
1153,5,train
1154,5,train
1155,5,train
1156,5,train
1157,5,train
1158,5,train
1159,5,train
1160,5,train
1161,5,train
1162,5,train
1163,5,train
1164,5,train
1165,5,train
1166,5,train
1167,5,train
1168,5,train
1169,5,train
1170,5,train
1171,5,train
1172,5,train
1173,5,train
1174,5,train
1175,5,train
1176,8,train
1177,5,train
1178,5,train
1179,5,train
1180,5,train
1181,5,train
1182,5,train
1183,5,train
1184,5,train
1185,5,train
1186,5,train
1187,5,train
1188,5,train
1189,5,train
1190,5,train
1191,5,train
1192,5,train
1193,5,train
1194,5,train
1195,5,train
1196,5,train
1197,5,train
1198,5,train
1199,5,train
1200,5,train
1201,5,train
1202,5,train
1203,5,train
1204,5,train
1205,5,train
1206,5,train
1207,5,train
1208,5,train
1209,5,train
1210,5,train
1211,5,train
1212,5,train
1213,5,train
1214,5,train
1215,5,train
1216,5,train
1217,5,train
1218,5,train
1219,5,train
1220,5,train
1221,5,train
1222,5,train
1223,5,train
1224,5,train
1225,5,train
1226,5,train
1227,5,train
1228,5,train
1229,5,train
1230,5,train
1231,5,train
1232,5,train
1233,5,train
1234,5,train
1235,5,train
1236,5,train
1237,5,train
1238,5,train
1239,5,train
1240,5,train
1241,5,train
1242,5,train
1243,5,train
1244,5,train
1245,5,train
1246,5,train
1247,5,train
1248,5,train
1249,5,train
1250,5,train
1251,5,train
1252,5,train
1253,5,train
1254,5,train
1255,5,train
1256,5,train
1257,5,train
1258,5,train
1259,5,train
1260,5,train
1261,5,train
1262,5,train
1263,5,train
1264,5,train
1265,5,train
1266,5,train
1267,5,train
1268,5,train
1269,5,train
1270,5,train
1271,5,train
1272,5,train
1273,5,train
1274,5,train
1275,5,train
1276,5,train
1277,5,train
1278,5,train
1279,5,train
1280,5,train
1281,5,train
1282,5,train
1283,5,train
1284,5,train
1285,5,train
1286,5,train
1287,5,train
1288,5,train
1289,5,train
1290,5,train
1291,5,train
1292,5,train
1293,5,train
1294,5,train
1295,5,train
1296,5,train
1297,5,train
1298,5,train
1299,5,train
1300,5,train
1301,5,train
1302,5,train
1303,8,train
1304,8,train
1305,8,train
1306,8,train
1307,8,train
1308,8,train
1309,8,train
1310,8,train
1311,8,train
1312,8,train
1313,8,train
1314,8,train
1315,8,train
1316,8,train
1317,8,train
1318,8,train
1319,8,train
1320,8,train
1321,8,train
1322,8,train
1323,8,train
1324,8,train
1325,8,train
1326,8,train
1327,8,train
1328,8,train
1329,8,train
1330,8,train
1331,8,train
1332,8,train
1333,8,train
1334,8,train
1335,8,train
1336,8,train
1337,8,train
1338,8,train
1339,8,train
1340,8,train
1341,8,train
1342,8,train
1343,8,train
1344,8,train
1345,8,train
1346,8,train
1347,8,train
1348,8,train
1349,8,train
1350,7,validation
1351,8,train
1352,8,train
1353,8,train
1354,8,train
1355,8,train
1356,8,train
1357,8,train
1358,8,train
1359,8,train
1360,8,train
1361,8,train
1362,8,train
1363,8,train
1364,8,train
1365,8,train
1366,8,train
1367,8,train
1368,8,train
1369,8,train
1370,8,train
1371,8,train
1372,8,train
1373,8,train
1374,8,train
1375,8,train
1376,8,train
1377,8,train
1378,8,train
1379,8,train
1380,8,train
1381,8,train
1382,8,train
1383,8,train
1384,8,train
1385,8,train
1386,8,train
1387,8,train
1388,8,train
1389,4,train
1390,7,validation
1391,8,train
1392,8,train
1393,8,train
1394,8,train
1395,8,train
1396,8,train
1397,8,train
1398,8,train
1399,8,train
1400,8,train
1401,8,train
1402,8,train
1403,8,train
1404,8,train
1405,8,train
1406,8,train
1407,8,train
1408,8,train
1409,8,train
1410,8,train
1411,8,train
1412,8,train
1413,8,train
1414,8,train
1415,8,train
1416,8,train
1417,8,train
1418,8,train
1419,8,train
1420,8,train
1421,8,train
1422,8,train
1423,8,train
1424,8,train
1425,8,train
1426,8,train
1427,8,train
1428,8,train
1429,8,train
1430,8,train
1431,8,train
1432,8,train
1433,8,train
1434,8,train
1435,8,train
1436,8,train
1437,8,train
1438,8,train
1439,8,train
1440,8,train
1441,8,train
1442,8,train
1443,8,train
1444,8,train
1445,8,train
1446,8,train
1447,8,train
1448,8,train
1449,8,train
1450,8,train
1451,8,train
1452,8,train
1453,8,train
1454,8,train
1455,8,train
1456,8,train
1457,8,train
1458,8,train
1459,8,train
1460,8,train
1461,8,train
1462,8,train
1463,8,train
1464,8,train
1465,8,train
1466,8,train
1467,8,train
1468,8,train
1469,8,train
1470,8,train
1471,8,train
1472,8,train
1473,8,train
1474,8,train
1475,8,train
1476,8,train
1477,8,train
1478,8,train
1479,8,train
1480,8,train
1481,8,train
1482,8,train
1483,8,train
1484,8,train
1485,8,train
1486,8,train
1487,8,train
1488,8,train
1489,8,train
1490,8,train
1491,8,train
1492,8,train
1493,8,train
1494,8,train
1495,8,train
1496,8,train
1497,8,train
1498,8,train
1499,8,train
1500,8,train
1501,8,train
1502,8,train
1503,8,train
1504,8,train
1505,8,train
1506,8,train
1507,8,train
1508,8,train
1509,8,train
1510,8,train
1511,8,train
1512,8,train
1513,8,train
1514,8,train
1515,8,train
1516,8,train
1517,8,train
1518,8,train
1519,8,train
1520,8,train
1521,8,train
1522,8,train
1523,8,train
1524,1,train
1525,1,train
1526,1,train
1527,1,train
1528,1,train
1529,1,train
1530,1,train
1531,1,train
1532,7,validation
1533,1,train
1534,1,train
1535,1,train
1536,1,train
1537,1,train
1538,1,train
1539,1,train
1540,1,train
1541,1,train
1542,1,train
1543,1,train
1544,1,train
1545,1,train
1546,1,train
1547,1,train
1548,1,train
1549,1,train
1550,1,train
1551,1,train
1552,1,train
1553,1,train
1554,1,train
1555,1,train
1556,1,train
1557,1,train
1558,1,train
1559,1,train
1560,1,train
1561,1,train
1562,1,train
1563,1,train
1564,1,train
1565,1,train
1566,1,train
1567,1,train
1568,1,train
1569,1,train
1570,1,train
1571,1,train
1572,1,train
1573,1,train
1574,1,train
1575,1,train
1576,1,train
1577,1,train
1578,1,train
1579,1,train
1580,1,train
1581,1,train
1582,1,train
1583,1,train
1584,1,train
1585,1,train
1586,1,train
1587,1,train
1588,1,train
1589,1,train
1590,1,train
1591,1,train
1592,1,train
1593,1,train
1594,1,train
1595,1,train
1596,1,train
1597,1,train
1598,1,train
1599,1,train
1600,1,train
1601,1,train
1602,1,train
1603,1,train
1604,1,train
1605,1,train
1606,1,train
1607,1,train
1608,1,train
1609,1,train
1610,1,train
1611,1,train
1612,1,train
1613,1,train
1614,1,train
1615,1,train
1616,1,train
1617,1,train
1618,1,train
1619,1,train
1620,1,train
1621,1,train
1622,1,train
1623,1,train
1624,1,train
1625,1,train
1626,1,train
1627,1,train
1628,1,train
1629,1,train
1630,1,train
1631,1,train
1632,1,train
1633,1,train
1634,1,train
1635,1,train
1636,1,train
1637,1,train
1638,1,train
1639,1,train
1640,1,train
1641,1,train
1642,1,train
1643,1,train
1644,1,train
1645,1,train
1646,1,train
1647,1,train
1648,1,train
1649,1,train
1650,1,train
1651,1,train
1652,1,train
1653,1,train
1654,1,train
1655,1,train
1656,1,train
1657,1,train
1658,1,train
1659,1,train
1660,1,train
1661,1,train
1662,1,train
1663,1,train
1664,1,train
1665,1,train
1666,1,train
1667,1,train
1668,1,train
1669,1,train
1670,1,train
1671,1,train
1672,1,train
1673,1,train
1674,1,train
1675,1,train
1676,1,train
1677,1,train
1678,1,train
1679,1,train
1680,1,train
1681,8,train
1682,1,train
1683,1,train
1684,1,train
1685,1,train
1686,1,train
1687,1,train
1688,1,train
1689,1,train
1690,1,train
1691,1,train
1692,1,train
1693,1,train
1694,1,train
1695,1,train
1696,1,train
1697,1,train
1698,1,train
1699,1,train
1700,1,train
1701,1,train
1702,1,train
1703,1,train
1704,1,train
1705,1,train
1706,1,train
1707,1,train
1708,1,train
1709,1,train
1710,1,train
1711,1,train
1712,1,train
1713,1,train
1714,1,train
1715,1,train
1716,1,train
1717,1,train
1718,1,train
1719,1,train
1720,1,train
1721,1,train
1722,1,train
1723,1,train
1724,1,train
1725,1,train
1726,1,train
1727,1,train
1728,1,train
1729,1,train
1730,1,train
1731,1,train
1732,1,train
1733,1,train
1734,1,train
1735,1,train
1736,1,train
1737,1,train
1738,1,train
1739,1,train
1740,1,train
1741,1,train
1742,1,train
1743,1,train
1744,1,train
1745,1,train
1746,1,train
1747,1,train
1748,1,train
1749,1,train
1750,1,train
1751,1,train
1752,1,train
1753,1,train
1754,1,train
1755,1,train
1756,1,train
1757,1,train
1758,1,train
1759,1,train
1760,1,train
1761,1,train
1762,1,train
1763,1,train
1764,4,train
1765,4,train
1766,4,train
1767,4,train
1768,4,train
1769,4,train
1770,4,train
1771,4,train
1772,4,train
1773,4,train
1774,4,train
1775,4,train
1776,4,train
1777,4,train
1778,4,train
1779,4,train
1780,4,train
1781,4,train
1782,4,train
1783,4,train
1784,4,train
1785,4,train
1786,4,train
1787,4,train
1788,7,validation
1789,7,validation
1790,7,validation
1791,7,validation
1792,7,validation
1793,7,validation
1794,7,validation
1795,7,validation
1796,7,validation
1797,7,validation
1798,7,validation
1799,7,validation
1800,7,validation
1801,7,validation
1802,7,validation
1803,7,validation
1804,7,validation
1805,7,validation
1806,7,validation
1807,7,validation
1808,7,validation
1809,7,validation
1810,7,validation
1811,8,train
1812,7,validation
1813,7,validation
1814,7,validation
1815,7,validation
1816,7,validation
1817,7,validation
1818,7,validation
1819,7,validation
1820,7,validation
1821,7,validation
1822,7,validation
1823,7,validation
1824,7,validation
1825,7,validation
1826,7,validation
1827,7,validation
1828,7,validation
1829,7,validation
1830,7,validation
1831,7,validation
1832,7,validation
1833,7,validation
1834,7,validation
1835,7,validation
1836,7,validation
1837,7,validation
1838,7,validation
1839,7,validation
1840,7,validation
1841,7,validation
1842,7,validation
1843,7,validation
1844,7,validation
1845,7,validation
1846,7,validation
1847,7,validation
1848,7,validation
1849,7,validation
1850,7,validation
1851,7,validation
1852,7,validation
1853,7,validation
1854,7,validation
1855,7,validation
1856,7,validation
1857,7,validation
1858,7,validation
1859,7,validation
1860,7,validation
1861,7,validation
1862,7,validation
1863,7,validation
1864,7,validation
1865,7,validation
1866,7,validation
1867,7,validation
1868,7,validation
1869,7,validation
1870,7,validation
1871,7,validation
1872,7,validation
1873,7,validation
1874,7,validation
1875,7,validation
1876,7,validation
1877,7,validation
1878,7,validation
1879,7,validation
1880,7,validation
1881,7,validation
1882,7,validation
1883,7,validation
1884,7,validation
1885,7,validation
1886,7,validation
1887,7,validation
1888,7,validation
1889,7,validation
1890,7,validation
1891,7,validation
1892,7,validation
1893,7,validation
1894,7,validation
1895,7,validation
1896,7,validation
1897,7,validation
1898,7,validation
1899,9,train
1900,9,train
1901,7,validation
1902,7,validation
1903,7,validation
1904,7,validation
1905,7,validation
1906,7,validation
1907,7,validation
1908,7,validation
1909,7,validation
1910,7,validation
1911,7,validation
1912,7,validation
1913,7,validation
1914,7,validation
1915,7,validation
1916,7,validation
1917,7,validation
1918,7,validation
1919,7,validation
1920,7,validation
1921,7,validation
1922,7,validation
1923,7,validation
1924,7,validation
1925,7,validation
1926,7,validation
1927,7,validation
1928,7,validation
1929,7,validation
1930,7,validation
1931,0,test
1932,0,test
1933,0,test
1934,0,test
1935,0,test
1936,0,test
1937,0,test
1938,0,test
1939,0,test
1940,9,train
1941,0,test
1942,0,test
1943,0,test
1944,0,test
1945,0,test
1946,0,test
1947,0,test
1948,0,test
1949,0,test
1950,0,test
1951,0,test
1952,0,test
1953,0,test
1954,9,train
1955,9,train
1956,9,train
1957,9,train
1958,9,train
1959,9,train
1960,9,train
1961,9,train
1962,9,train
1963,9,train
1964,9,train
1965,9,train
1966,9,train
1967,9,train
1968,9,train
1969,7,validation
1970,7,validation
1971,7,validation
1972,7,validation
1973,7,validation
1974,7,validation
1975,7,validation
1976,7,validation
1977,7,validation
1978,7,validation
1979,7,validation
1980,7,validation
1981,7,validation
1982,8,train
1983,6,train
1984,6,train
1985,6,train
1986,6,train
1987,6,train
1988,6,train
1989,6,train
1990,6,train
1991,6,train
1992,6,train
1993,6,train
1994,6,train
1995,6,train
1996,6,train
1997,6,train
1998,6,train
1999,6,train
2000,6,train
2001,6,train
2002,6,train
2003,6,train
2004,6,train
2005,6,train
2006,6,train
2007,6,train
2008,6,train
2009,6,train
2010,6,train
2011,6,train
2012,6,train
2013,6,train
2014,6,train
2015,6,train
2016,6,train
2017,6,train
2018,6,train
2019,6,train
2020,6,train
2021,6,train
2022,6,train
2023,6,train
2024,6,train
2025,6,train
2026,6,train
2027,6,train
2028,6,train
2029,6,train
2030,6,train
2031,6,train
2032,6,train
2033,6,train
2034,6,train
2035,6,train
2036,6,train
2037,6,train
2038,6,train
2039,6,train
2040,6,train
2041,6,train
2042,6,train
2043,6,train
2044,6,train
2045,6,train
2046,6,train
2047,6,train
2048,6,train
2049,6,train
2050,6,train
2051,6,train
2052,6,train
2053,6,train
2054,6,train
2055,6,train
2056,6,train
2057,6,train
2058,6,train
2059,6,train
2060,6,train
2061,6,train
2062,6,train
2063,6,train
2064,6,train
2065,6,train
2066,6,train
2067,6,train
2068,6,train
2069,6,train
2070,6,train
2071,6,train
2072,6,train
2073,6,train
2074,6,train
2075,6,train
2076,6,train
2077,6,train
2078,6,train
2079,6,train
2080,6,train
2081,6,train
2082,6,train
2083,6,train
2084,6,train
2085,6,train
2086,6,train
2087,6,train
2088,6,train
2089,6,train
2090,6,train
2091,6,train
2092,6,train
2093,6,train
2094,6,train
2095,6,train
2096,6,train
2097,6,train
2098,6,train
2099,6,train
2100,6,train
2101,6,train
2102,6,train
2103,6,train
2104,6,train
2105,6,train
2106,6,train
2107,6,train
2108,6,train
2109,6,train
2110,6,train
2111,6,train
2112,6,train
2113,6,train
2114,6,train
2115,6,train
2116,6,train
2117,6,train
2118,6,train
2119,6,train
2120,6,train
2121,6,train
2122,6,train
2123,6,train
2124,6,train
2125,6,train
2126,6,train
2127,6,train
2128,6,train
2129,6,train
2130,6,train
2131,6,train
2132,6,train
2133,6,train
2134,6,train
2135,6,train
2136,6,train
2137,6,train
2138,6,train
2139,6,train
2140,6,train
2141,6,train
2142,6,train
2143,6,train
2144,6,train
2145,6,train
2146,6,train
2147,6,train
2148,6,train
2149,6,train
2150,6,train
2151,6,train
2152,6,train
2153,6,train
2154,6,train
2155,6,train
2156,6,train
2157,6,train
2158,6,train
2159,6,train
2160,6,train
2161,6,train
2162,6,train
2163,6,train
2164,6,train
2165,6,train
2166,6,train
2167,6,train
2168,6,train
2169,6,train
2170,6,train
2171,6,train
2172,6,train
2173,6,train
2174,6,train
2175,6,train
2176,6,train
2177,6,train
2178,6,train
2179,6,train
2180,6,train
2181,6,train
2182,6,train
2183,6,train
2184,6,train
2185,6,train
2186,6,train
2187,6,train
2188,6,train
2189,6,train
2190,6,train
2191,6,train
2192,9,train
2193,9,train
2194,9,train
2195,9,train
2196,9,train
2197,9,train
2198,9,train
2199,9,train
2200,9,train
2201,9,train
2202,9,train
2203,9,train
2204,9,train
2205,9,train
2206,9,train
2207,9,train
2208,9,train
2209,9,train
2210,9,train
2211,9,train
2212,9,train
2213,9,train
2214,9,train
2215,9,train
2216,9,train
2217,9,train
2218,9,train
2219,9,train
2220,9,train
2221,9,train
2222,9,train
2223,9,train
2224,9,train
2225,9,train
2226,9,train
2227,9,train
2228,9,train
2229,9,train
2230,9,train
2231,9,train
2232,9,train
2233,9,train
2234,9,train
2235,9,train
2236,9,train
2237,9,train
2238,9,train
2239,9,train
2240,9,train
2241,9,train
2242,9,train
2243,9,train
2244,9,train
2245,9,train
2246,9,train
2247,9,train
2248,9,train
2249,9,train
2250,9,train
2251,9,train
2252,9,train
2253,9,train
2254,9,train
2255,9,train
2256,9,train
2257,9,train
2258,9,train
2259,9,train
2260,9,train
2261,9,train
2262,9,train
2263,9,train
2264,9,train
2265,9,train
2266,9,train
2267,9,train
2268,9,train
2269,9,train
2270,9,train
2271,9,train
2272,9,train
2273,9,train
2274,9,train
2275,9,train
2276,9,train
2277,9,train
2278,9,train
2279,9,train
2280,9,train
2281,9,train
2282,9,train
2283,9,train
2284,9,train
2285,9,train
2286,9,train
2287,9,train
2288,9,train
2289,9,train
2290,9,train
2291,9,train
2292,9,train
2293,9,train
2294,9,train
2295,9,train
2296,9,train
2297,9,train
2298,9,train
2299,9,train
2300,9,train
2301,9,train
2302,9,train
2303,9,train
2304,9,train
2305,9,train
2306,9,train
2307,9,train
2308,9,train
2309,9,train
2310,9,train
2311,9,train
2312,9,train
2313,9,train
2314,9,train
2315,9,train
2316,9,train
2317,9,train
2318,9,train
2319,9,train
2320,9,train
2321,9,train
2322,9,train
2323,9,train
2324,9,train
2325,9,train
2326,9,train
2327,9,train
2328,9,train
2329,9,train
2330,9,train
2331,8,train
2332,8,train
2333,8,train
2334,8,train
2335,8,train
2336,8,train
2337,8,train
2338,8,train
2339,8,train
2340,8,train
2341,8,train
2342,8,train
2343,8,train
2344,8,train
2345,8,train
2346,8,train
2347,8,train
2348,8,train
2349,7,validation
2350,8,train
2351,8,train
2352,8,train
2353,8,train
2354,8,train
2355,8,train
2356,8,train
2357,8,train
2358,8,train
2359,8,train
2360,8,train
2361,8,train
2362,8,train
2363,8,train
2364,8,train
2365,2,train
2366,8,train
2367,8,train
2368,8,train
2369,8,train
2370,8,train
2371,8,train
2372,8,train
2373,8,train
2374,8,train
2375,8,train
2376,8,train
2377,8,train
2378,8,train
2379,8,train
2380,8,train
2381,8,train
2382,8,train
2383,8,train
2384,8,train
2385,8,train
2386,8,train
2387,8,train
2388,8,train
2389,8,train
2390,8,train
2391,8,train
2392,8,train
2393,8,train
2394,8,train
2395,8,train
2396,8,train
2397,8,train
2398,8,train
2399,8,train
2400,8,train
2401,8,train
2402,8,train
2403,8,train
2404,8,train
2405,8,train
2406,8,train
2407,8,train
2408,8,train
2409,8,train
2410,8,train
2411,8,train
2412,8,train
2413,8,train
2414,8,train
2415,8,train
2416,8,train
2417,8,train
2418,8,train
2419,8,train
2420,8,train
2421,8,train
2422,8,train
2423,8,train
2424,8,train
2425,8,train
2426,8,train
2427,1,train
2428,1,train
2429,1,train
2430,1,train
2431,1,train
2432,1,train
2433,1,train
2434,1,train
2435,1,train
2436,1,train
2437,1,train
2438,1,train
2439,1,train
2440,1,train
2441,1,train
2442,1,train
2443,1,train
2444,1,train
2445,1,train
2446,1,train
2447,1,train
2448,1,train
2449,1,train
2450,1,train
2451,1,train
2452,1,train
2453,1,train
2454,1,train
2455,1,train
2456,1,train
2457,2,train
2458,1,train
2459,1,train
2460,1,train
2461,1,train
2462,1,train
2463,1,train
2464,1,train
2465,1,train
2466,1,train
2467,1,train
2468,1,train
2469,1,train
2470,1,train
2471,1,train
2472,1,train
2473,1,train
2474,1,train
2475,1,train
2476,1,train
2477,1,train
2478,1,train
2479,1,train
2480,1,train
2481,1,train
2482,1,train
2483,1,train
2484,1,train
2485,1,train
2486,1,train
2487,1,train
2488,1,train
2489,1,train
2490,1,train
2491,1,train
2492,1,train
2493,9,train
2494,1,train
2495,1,train
2496,1,train
2497,1,train
2498,1,train
2499,1,train
2500,1,train
2501,1,train
2502,1,train
2503,1,train
2504,1,train
2505,1,train
2506,1,train
2507,4,train
2508,4,train
2509,4,train
2510,4,train
2511,4,train
2512,4,train
2513,4,train
2514,4,train
2515,4,train
2516,4,train
2517,4,train
2518,4,train
2519,4,train
2520,4,train
2521,4,train
2522,4,train
2523,4,train
2524,4,train
2525,4,train
2526,4,train
2527,4,train
2528,4,train
2529,4,train
2530,4,train
2531,4,train
2532,4,train
2533,4,train
2534,4,train
2535,4,train
2536,4,train
2537,4,train
2538,4,train
2539,4,train
2540,4,train
2541,4,train
2542,4,train
2543,4,train
2544,4,train
2545,4,train
2546,4,train
2547,4,train
2548,4,train
2549,4,train
2550,4,train
2551,4,train
2552,4,train
2553,4,train
2554,4,train
2555,4,train
2556,4,train
2557,4,train
2558,4,train
2559,4,train
2560,4,train
2561,4,train
2562,4,train
2563,4,train
2564,4,train
2565,4,train
2566,4,train
2567,4,train
2568,4,train
2569,4,train
2570,4,train
2571,4,train
2572,4,train
2573,4,train
2574,4,train
2575,4,train
2576,4,train
2577,4,train
2578,4,train
2579,4,train
2580,4,train
2581,3,train
2582,3,train
2583,3,train
2584,3,train
2585,3,train
2586,3,train
2587,3,train
2588,3,train
2589,3,train
2590,3,train
2591,3,train
2592,3,train
2593,3,train
2594,3,train
2595,3,train
2596,3,train
2597,3,train
2598,3,train
2599,3,train
2600,3,train
2601,3,train
2602,3,train
2603,3,train
2604,3,train
2605,3,train
2606,3,train
2607,3,train
2608,3,train
2609,3,train
2610,3,train
2611,3,train
2612,3,train
2613,3,train
2614,3,train
2615,3,train
2616,3,train
2617,3,train
2618,3,train
2619,3,train
2620,3,train
2621,3,train
2622,3,train
2623,3,train
2624,3,train
2625,3,train
2626,3,train
2627,3,train
2628,3,train
2629,3,train
2630,3,train
2631,3,train
2632,3,train
2633,3,train
2634,3,train
2635,3,train
2636,3,train
2637,3,train
2638,3,train
2639,3,train
2640,3,train
2641,3,train
2642,3,train
2643,3,train
2644,3,train
2645,3,train
2646,3,train
2647,3,train
2648,3,train
2649,3,train
2650,3,train
2651,3,train
2652,3,train
2653,3,train
2654,3,train
2655,3,train
2656,3,train
2657,3,train
2658,3,train
2659,3,train
2660,3,train
2661,3,train
2662,3,train
2663,3,train
2664,3,train
2665,3,train
2666,3,train
2667,3,train
2668,3,train
2669,3,train
2670,3,train
2671,3,train
2672,3,train
2673,3,train
2674,3,train
2675,3,train
2676,3,train
2677,3,train
2678,3,train
2679,3,train
2680,2,train
2681,3,train
2682,3,train
2683,3,train
2684,3,train
2685,3,train
2686,3,train
2687,3,train
2688,3,train
2689,3,train
2690,3,train
2691,3,train
2692,3,train
2693,3,train
2694,3,train
2695,3,train
2696,3,train
2697,3,train
2698,3,train
2699,3,train
2700,3,train
2701,3,train
2702,3,train
2703,3,train
2704,3,train
2705,3,train
2706,3,train
2707,3,train
2708,3,train
2709,3,train
2710,3,train
2711,3,train
2712,3,train
2713,3,train
2714,3,train
2715,3,train
2716,3,train
2717,3,train
2718,3,train
2719,3,train
2720,3,train
2721,3,train
2722,3,train
2723,3,train
2724,3,train
2725,3,train
2726,3,train
2727,3,train
2728,3,train
2729,3,train
2730,3,train
2731,3,train
2732,3,train
2733,3,train
2734,3,train
2735,3,train
2736,3,train
2737,3,train
2738,3,train
2739,3,train
2740,3,train
2741,3,train
2742,3,train
2743,3,train
2744,3,train
2745,3,train
2746,3,train
2747,3,train
2748,3,train
2749,3,train
2750,3,train
2751,3,train
2752,3,train
2753,3,train
2754,3,train
2755,3,train
2756,3,train
2757,3,train
2758,3,train
2759,3,train
2760,3,train
2761,3,train
2762,3,train
2763,3,train
2764,3,train
2765,3,train
2766,3,train
2767,3,train
2768,3,train
2769,3,train
2770,3,train
2771,3,train
2772,3,train
2773,3,train
2774,7,validation
2775,3,train
2776,3,train
2777,3,train
2778,3,train
2779,6,train
2780,3,train
2781,3,train
2782,3,train
2783,3,train
2784,3,train
2785,3,train
2786,3,train
2787,3,train
2788,3,train
2789,3,train
2790,3,train
2791,3,train
2792,3,train
2793,3,train
2794,3,train
2795,3,train
2796,3,train
2797,3,train
2798,3,train
2799,3,train
2800,3,train
2801,3,train
2802,3,train
2803,3,train
2804,3,train
2805,3,train
2806,3,train
2807,3,train
2808,9,train
2809,3,train
2810,3,train
2811,3,train
2812,3,train
2813,3,train
2814,3,train
2815,3,train
2816,3,train
2817,3,train
2818,3,train
2819,3,train
2820,3,train
2821,3,train
2822,3,train
2823,3,train
2824,3,train
2825,3,train
2826,3,train
2827,3,train
2828,3,train
2829,3,train
2830,3,train
2831,3,train
2832,3,train
2833,3,train
2834,3,train
2835,3,train
2836,3,train
2837,3,train
2838,3,train
2839,3,train
2840,3,train
2841,3,train
2842,3,train
2843,3,train
2844,3,train
2845,3,train
2846,3,train
2847,3,train
2848,3,train
2849,3,train
2850,3,train
2851,3,train
2852,3,train
2853,3,train
2854,3,train
2855,3,train
2856,9,train
2857,9,train
2858,9,train
2859,9,train
2860,6,train
2861,9,train
2862,9,train
2863,9,train
2864,9,train
2865,9,train
2866,9,train
2867,9,train
2868,9,train
2869,9,train
2870,9,train
2871,9,train
2872,9,train
2873,9,train
2874,9,train
2875,9,train
2876,9,train
2877,9,train
2878,9,train
2879,9,train
2880,9,train
2881,9,train
2882,9,train
2883,9,train
2884,9,train
2885,9,train
2886,9,train
2887,9,train
2888,9,train
2889,9,train
2890,9,train
2891,9,train
2892,9,train
2893,9,train
2894,9,train
2895,9,train
2896,5,train
2897,5,train
2898,5,train
2899,5,train
2900,5,train
2901,5,train
2902,5,train
2903,5,train
2904,5,train
2905,5,train
2906,5,train
2907,5,train
2908,5,train
2909,5,train
2910,5,train
2911,5,train
2912,5,train
2913,5,train
2914,5,train
2915,5,train
2916,5,train
2917,5,train
2918,5,train
2919,5,train
2920,5,train
2921,5,train
2922,5,train
2923,5,train
2924,5,train
2925,5,train
2926,5,train
2927,5,train
2928,5,train
2929,5,train
2930,5,train
2931,5,train
2932,5,train
2933,5,train
2934,5,train
2935,5,train
2936,5,train
2937,5,train
2938,5,train
2939,5,train
2940,5,train
2941,5,train
2942,5,train
2943,5,train
2944,5,train
2945,5,train
2946,5,train
2947,5,train
2948,5,train
2949,5,train
2950,5,train
2951,5,train
2952,5,train
2953,5,train
2954,5,train
2955,5,train
2956,5,train
2957,5,train
2958,5,train
2959,5,train
2960,5,train
2961,5,train
2962,5,train
2963,5,train
2964,5,train
2965,5,train
2966,5,train
2967,5,train
2968,5,train
2969,5,train
2970,5,train
2971,5,train
2972,5,train
2973,5,train
2974,5,train
2975,5,train
2976,5,train
2977,5,train
2978,5,train
2979,5,train
2980,5,train
2981,5,train
2982,5,train
2983,5,train
2984,5,train
2985,5,train
2986,5,train
2987,5,train
2988,5,train
2989,5,train
2990,5,train
2991,5,train
2992,5,train
2993,5,train
2994,5,train
2995,5,train
2996,5,train
2997,5,train
2998,5,train
2999,5,train
3000,5,train
3001,5,train
3002,5,train
3003,5,train
3004,5,train
3005,5,train
3006,5,train
3007,5,train
3008,5,train
3009,5,train
3010,5,train
3011,5,train
3012,5,train
3013,5,train
3014,5,train
3015,5,train
3016,5,train
3017,5,train
3018,5,train
3019,5,train
3020,5,train
3021,5,train
3022,5,train
3023,5,train
3024,5,train
3025,5,train
3026,5,train
3027,5,train
3028,5,train
3029,5,train
3030,5,train
3031,5,train
3032,5,train
3033,5,train
3034,5,train
3035,9,train
3036,5,train
3037,5,train
3038,5,train
3039,5,train
3040,5,train
3041,5,train
3042,5,train
3043,5,train
3044,5,train
3045,5,train
3046,5,train
3047,5,train
3048,5,train
3049,5,train
3050,5,train
3051,5,train
3052,5,train
3053,5,train
3054,5,train
3055,5,train
3056,5,train
3057,5,train
3058,5,train
3059,5,train
3060,5,train
3061,5,train
3062,5,train
3063,5,train
3064,5,train
3065,5,train
3066,5,train
3067,5,train
3068,5,train
3069,5,train
3070,5,train
3071,5,train
3072,5,train
3073,5,train
3074,5,train
3075,5,train
3076,5,train
3077,5,train
3078,0,test
3079,0,test
3080,0,test
3081,0,test
3082,0,test
3083,0,test
3084,0,test
3085,0,test
3086,0,test
3087,5,train
3088,5,train
3089,5,train
3090,5,train
3091,6,train
3092,6,train
3093,4,train
3094,4,train
3095,4,train
3096,4,train
3097,4,train
3098,4,train
3099,1,train
3100,1,train
3101,1,train
3102,1,train
3103,1,train
3104,1,train
3105,1,train
3106,4,train
3107,4,train
3108,4,train
3109,4,train
3110,4,train
3111,4,train
3112,4,train
3113,4,train
3114,4,train
3115,4,train
3116,4,train
3117,4,train
3118,4,train
3119,4,train
3120,4,train
3121,4,train
3122,4,train
3123,4,train
3124,8,train
3125,4,train
3126,4,train
3127,4,train
3128,4,train
3129,4,train
3130,4,train
3131,4,train
3132,4,train
3133,4,train
3134,4,train
3135,4,train
3136,4,train
3137,3,train
3138,3,train
3139,3,train
3140,3,train
3141,3,train
3142,3,train
3143,3,train
3144,3,train
3145,3,train
3146,3,train
3147,3,train
3148,3,train
3149,3,train
3150,3,train
3151,3,train
3152,3,train
3153,3,train
3154,3,train
3155,3,train
3156,2,train
3157,2,train
3158,2,train
3159,2,train
3160,2,train
3161,2,train
3162,2,train
3163,2,train
3164,2,train
3165,2,train
3166,2,train
3167,2,train
3168,2,train
3169,2,train
3170,2,train
3171,2,train
3172,2,train
3173,2,train
3174,2,train
3175,2,train
3176,2,train
3177,2,train
3178,2,train
3179,2,train
3180,2,train
3181,2,train
3182,2,train
3183,2,train
3184,2,train
3185,2,train
3186,2,train
3187,2,train
3188,2,train
3189,2,train
3190,2,train
3191,2,train
3192,2,train
3193,2,train
3194,2,train
3195,2,train
3196,2,train
3197,2,train
3198,2,train
3199,2,train
3200,5,train
3201,5,train
3202,5,train
3203,5,train
3204,5,train
3205,5,train
3206,5,train
3207,5,train
3208,5,train
3209,5,train
3210,5,train
3211,5,train
3212,5,train
3213,5,train
3214,5,train
3215,5,train
3216,5,train
3217,5,train
3218,9,train
3219,9,train
3220,9,train
3221,9,train
3222,9,train
3223,9,train
3224,9,train
3225,9,train
3226,9,train
3227,9,train
3228,9,train
3229,9,train
3230,9,train
3231,9,train
3232,9,train
3233,9,train
3234,9,train
3235,9,train
3236,9,train
3237,9,train
3238,9,train
3239,9,train
3240,9,train
3241,9,train
3242,9,train
3243,9,train
3244,9,train
3245,9,train
3246,0,test
3247,0,test
3248,0,test
3249,0,test
3250,0,test
3251,0,test
3252,0,test
3253,0,test
3254,0,test
3255,0,test
3256,0,test
3257,0,test
3258,2,train
3259,2,train
3260,2,train
3261,2,train
3262,2,train
3263,2,train
3264,2,train
3265,2,train
3266,2,train
3267,2,train
3268,2,train
3269,2,train
3270,2,train
3271,2,train
3272,2,train
3273,2,train
3274,2,train
3275,2,train
3276,2,train
3277,4,train
3278,4,train
3279,4,train
3280,4,train
3281,4,train
3282,4,train
3283,4,train
3284,4,train
3285,4,train
3286,2,train
3287,2,train
3288,2,train
3289,2,train
3290,2,train
3291,2,train
3292,2,train
3293,2,train
3294,2,train
3295,2,train
3296,2,train
3297,2,train
3298,2,train
3299,2,train
3300,2,train
3301,2,train
3302,2,train
3303,2,train
3304,2,train
3305,2,train
3306,2,train
3307,2,train
3308,2,train
3309,2,train
3310,2,train
3311,2,train
3312,2,train
3313,2,train
3314,2,train
3315,2,train
3316,2,train
3317,2,train
3318,2,train
3319,2,train
3320,2,train
3321,2,train
3322,2,train
3323,2,train
3324,2,train
3325,2,train
3326,2,train
3327,1,train
3328,8,train
3329,8,train
3330,6,train
3331,6,train
3332,8,train
3333,8,train
3334,8,train
3335,7,validation
3336,7,validation
3337,7,validation
3338,7,validation
3339,7,validation
3340,7,validation
3341,7,validation
3342,7,validation
3343,8,train
3344,2,train
3345,2,train
3346,2,train
3347,2,train
3348,2,train
3349,2,train
3350,2,train
3351,2,train
3352,2,train
3353,7,validation
3354,7,validation
3355,7,validation
3356,7,validation
3357,7,validation
3358,7,validation
3359,7,validation
3360,7,validation
3361,7,validation
3362,7,validation
3363,8,train
3364,9,train
3365,8,train
3366,8,train
3367,8,train
3368,8,train
3369,8,train
3370,8,train
3371,8,train
3372,3,train
3373,3,train
3374,3,train
3375,3,train
3376,3,train
3377,3,train
3378,3,train
3379,3,train
3380,3,train
3381,0,test
3382,0,test
3383,0,test
3384,0,test
3385,0,test
3386,3,train
3387,3,train
3388,3,train
3389,3,train
3390,3,train
3391,3,train
3392,3,train
3393,3,train
3394,3,train
3395,3,train
3396,3,train
3397,3,train
3398,3,train
3399,7,validation
3400,7,validation
3401,7,validation
3402,7,validation
3403,7,validation
3404,7,validation
3405,7,validation
3406,7,validation
3407,7,validation
3408,7,validation
3409,7,validation
3410,7,validation
3411,7,validation
3412,0,test
3413,0,test
3414,0,test
3415,0,test
3416,0,test
3417,0,test
3418,0,test
3419,0,test
3420,0,test
3421,0,test
3422,8,train
3423,8,train
3424,4,train
3425,4,train
3426,8,train
3427,8,train
3428,8,train
3429,2,train
3430,2,train
3431,2,train
3432,0,test
3433,0,test
3434,0,test
3435,0,test
3436,0,test
3437,0,test
3438,0,test
3439,2,train
3440,2,train
3441,2,train
3442,2,train
3443,2,train
3444,3,train
3445,3,train
3446,3,train
3447,3,train
3448,3,train
3449,3,train
3450,3,train
3451,3,train
3452,3,train
3453,9,train
3454,9,train
3455,9,train
3456,9,train
3457,9,train
3458,9,train
3459,9,train
3460,9,train
3461,9,train
3462,9,train
3463,9,train
3464,9,train
3465,9,train
3466,9,train
3467,9,train
3468,9,train
3469,9,train
3470,9,train
3471,9,train
3472,9,train
3473,9,train
3474,9,train
3475,9,train
3476,5,train
3477,5,train
3478,5,train
3479,5,train
3480,5,train
3481,5,train
3482,5,train
3483,5,train
3484,5,train
3485,9,train
3486,9,train
3487,9,train
3488,9,train
3489,9,train
3490,9,train
3491,9,train
3492,9,train
3493,9,train
3494,9,train
3495,9,train
3496,9,train
3497,9,train
3498,9,train
3499,9,train
3500,9,train
3501,0,test
3502,0,test
3503,0,test
3504,0,test
3505,0,test
3506,0,test
3507,0,test
3508,0,test
3509,0,test
3510,0,test
3511,0,test
3512,0,test
3513,0,test
3514,0,test
3515,0,test
3516,0,test
3517,0,test
3518,0,test
3519,0,test
3520,0,test
3521,0,test
3522,0,test
3523,0,test
3524,0,test
3525,0,test
3526,0,test
3527,0,test
3528,0,test
3529,5,train
3530,5,train
3531,5,train
3532,5,train
3533,5,train
3534,5,train
3535,5,train
3536,5,train
3537,5,train
3538,5,train
3539,5,train
3540,5,train
3541,5,train
3542,5,train
3543,5,train
3544,5,train
3545,5,train
3546,5,train
3547,5,train
3548,5,train
3549,5,train
3550,5,train
3551,5,train
3552,5,train
3553,5,train
3554,5,train
3555,5,train
3556,5,train
3557,5,train
3558,5,train
3559,5,train
3560,5,train
3561,5,train
3562,5,train
3563,5,train
3564,5,train
3565,5,train
3566,5,train
3567,5,train
3568,5,train
3569,5,train
3570,5,train
3571,5,train
3572,5,train
3573,5,train
3574,5,train
3575,5,train
3576,5,train
3577,5,train
3578,5,train
3579,5,train
3580,5,train
3581,5,train
3582,5,train
3583,5,train
3584,5,train
3585,5,train
3586,5,train
3587,5,train
3588,5,train
3589,5,train
3590,5,train
3591,5,train
3592,5,train
3593,5,train
3594,5,train
3595,5,train
3596,5,train
3597,5,train
3598,5,train
3599,5,train
3600,5,train
3601,5,train
3602,5,train
3603,5,train
3604,5,train
3605,5,train
3606,5,train
3607,5,train
3608,5,train
3609,5,train
3610,5,train
3611,5,train
3612,5,train
3613,5,train
3614,5,train
3615,5,train
3616,5,train
3617,5,train
3618,5,train
3619,5,train
3620,5,train
3621,5,train
3622,5,train
3623,5,train
3624,5,train
3625,5,train
3626,5,train
3627,5,train
3628,5,train
3629,5,train
3630,5,train
3631,5,train
3632,5,train
3633,5,train
3634,5,train
3635,5,train
3636,5,train
3637,5,train
3638,5,train
3639,5,train
3640,5,train
3641,5,train
3642,5,train
3643,5,train
3644,5,train
3645,5,train
3646,5,train
3647,5,train
3648,5,train
3649,5,train
3650,5,train
3651,5,train
3652,5,train
3653,5,train
3654,5,train
3655,5,train
3656,5,train
3657,5,train
3658,5,train
3659,5,train
3660,5,train
3661,5,train
3662,5,train
3663,5,train
3664,5,train
3665,5,train
3666,5,train
3667,5,train
3668,5,train
3669,5,train
3670,5,train
3671,5,train
3672,5,train
3673,5,train
3674,5,train
3675,5,train
3676,5,train
3677,5,train
3678,5,train
3679,5,train
3680,5,train
3681,5,train
3682,6,train
3683,6,train
3684,6,train
3685,6,train
3686,6,train
3687,6,train
3688,6,train
3689,6,train
3690,6,train
3691,6,train
3692,6,train
3693,6,train
3694,6,train
3695,6,train
3696,6,train
3697,6,train
3698,6,train
3699,6,train
3700,6,train
3701,6,train
3702,6,train
3703,6,train
3704,6,train
3705,6,train
3706,6,train
3707,6,train
3708,6,train
3709,6,train
3710,6,train
3711,6,train
3712,6,train
3713,6,train
3714,6,train
3715,6,train
3716,6,train
3717,6,train
3718,6,train
3719,6,train
3720,6,train
3721,6,train
3722,6,train
3723,6,train
3724,6,train
3725,6,train
3726,6,train
3727,6,train
3728,6,train
3729,6,train
3730,6,train
3731,6,train
3732,6,train
3733,6,train
3734,6,train
3735,6,train
3736,6,train
3737,6,train
3738,6,train
3739,6,train
3740,6,train
3741,6,train
3742,6,train
3743,6,train
3744,6,train
3745,6,train
3746,6,train
3747,6,train
3748,6,train
3749,6,train
3750,6,train
3751,6,train
3752,6,train
3753,6,train
3754,6,train
3755,6,train
3756,6,train
3757,6,train
3758,6,train
3759,6,train
3760,6,train
3761,6,train
3762,6,train
3763,6,train
3764,6,train
3765,6,train
3766,6,train
3767,6,train
3768,6,train
3769,6,train
3770,6,train
3771,6,train
3772,6,train
3773,6,train
3774,6,train
3775,6,train
3776,6,train
3777,6,train
3778,6,train
3779,6,train
3780,6,train
3781,6,train
3782,6,train
3783,6,train
3784,6,train
3785,6,train
3786,6,train
3787,6,train
3788,6,train
3789,6,train
3790,6,train
3791,6,train
3792,6,train
3793,6,train
3794,6,train
3795,6,train
3796,6,train
3797,6,train
3798,6,train
3799,6,train
3800,6,train
3801,6,train
3802,6,train
3803,6,train
3804,6,train
3805,6,train
3806,6,train
3807,6,train
3808,6,train
3809,6,train
3810,6,train
3811,6,train
3812,6,train
3813,6,train
3814,6,train
3815,6,train
3816,6,train
3817,6,train
3818,6,train
3819,6,train
3820,6,train
3821,6,train
3822,6,train
3823,6,train
3824,6,train
3825,6,train
3826,6,train
3827,6,train
3828,6,train
3829,6,train
3830,6,train
3831,6,train
3832,6,train
3833,6,train
3834,6,train
3835,6,train
3836,6,train
3837,6,train
3838,6,train
3839,6,train
3840,6,train
3841,6,train
3842,6,train
3843,6,train
3844,6,train
3845,6,train
3846,6,train
3847,6,train
3848,6,train
3849,6,train
3850,6,train
3851,6,train
3852,6,train
3853,6,train
3854,6,train
3855,6,train
3856,6,train
3857,6,train
3858,6,train
3859,6,train
3860,6,train
3861,6,train
3862,6,train
3863,6,train
3864,6,train
3865,6,train
3866,6,train
3867,6,train
3868,6,train
3869,6,train
3870,6,train
3871,6,train
3872,6,train
3873,6,train
3874,6,train
3875,6,train
3876,6,train
3877,6,train
3878,6,train
3879,6,train
3880,6,train
3881,6,train
3882,6,train
3883,6,train
3884,6,train
3885,6,train
3886,6,train
3887,6,train
3888,6,train
3889,6,train
3890,6,train
3891,6,train
3892,6,train
3893,6,train
3894,6,train
3895,6,train
3896,6,train
3897,6,train
3898,6,train
3899,6,train
3900,6,train
3901,6,train
3902,6,train
3903,6,train
3904,6,train
3905,7,validation
3906,7,validation
3907,7,validation
3908,7,validation
3909,7,validation
3910,7,validation
3911,7,validation
3912,7,validation
3913,7,validation
3914,7,validation
3915,7,validation
3916,7,validation
3917,7,validation
3918,7,validation
3919,7,validation
3920,7,validation
3921,7,validation
3922,7,validation
3923,7,validation
3924,7,validation
3925,7,validation
3926,7,validation
3927,7,validation
3928,7,validation
3929,7,validation
3930,7,validation
3931,7,validation
3932,7,validation
3933,7,validation
3934,7,validation
3935,7,validation
3936,7,validation
3937,7,validation
3938,7,validation
3939,7,validation
3940,7,validation
3941,7,validation
3942,7,validation
3943,7,validation
3944,7,validation
3945,7,validation
3946,7,validation
3947,7,validation
3948,7,validation
3949,7,validation
3950,7,validation
3951,7,validation
3952,7,validation
3953,7,validation
3954,7,validation
3955,7,validation
3956,7,validation
3957,7,validation
3958,7,validation
3959,7,validation
3960,7,validation
3961,7,validation
3962,7,validation
3963,7,validation
3964,7,validation
3965,7,validation
3966,7,validation
3967,7,validation
3968,7,validation
3969,7,validation
3970,7,validation
3971,7,validation
3972,7,validation
3973,7,validation
3974,7,validation
3975,7,validation
3976,7,validation
3977,7,validation
3978,7,validation
3979,7,validation
3980,7,validation
3981,7,validation
3982,7,validation
3983,7,validation
3984,7,validation
3985,7,validation
3986,7,validation
3987,7,validation
3988,7,validation
3989,7,validation
3990,7,validation
3991,7,validation
3992,7,validation
3993,7,validation
3994,4,train
3995,4,train
3996,4,train
3997,4,train
3998,4,train
3999,4,train
4000,4,train
4001,4,train
4002,4,train
4003,4,train
4004,4,train
4005,4,train
4006,4,train
4007,4,train
4008,4,train
4009,4,train
4010,4,train
4011,4,train
4012,4,train
4013,4,train
4014,4,train
4015,4,train
4016,4,train
4017,4,train
4018,4,train
4019,4,train
4020,4,train
4021,4,train
4022,4,train
4023,4,train
4024,4,train
4025,4,train
4026,4,train
4027,4,train
4028,4,train
4029,4,train
4030,4,train
4031,4,train
4032,4,train
4033,4,train
4034,4,train
4035,4,train
4036,4,train
4037,4,train
4038,4,train
4039,4,train
4040,4,train
4041,4,train
4042,4,train
4043,4,train
4044,4,train
4045,4,train
4046,4,train
4047,4,train
4048,4,train
4049,4,train
4050,4,train
4051,4,train
4052,4,train
4053,4,train
4054,4,train
4055,4,train
4056,4,train
4057,4,train
4058,4,train
4059,4,train
4060,4,train
4061,4,train
4062,4,train
4063,4,train
4064,4,train
4065,4,train
4066,4,train
4067,4,train
4068,4,train
4069,4,train
4070,4,train
4071,4,train
4072,4,train
4073,4,train
4074,4,train
4075,4,train
4076,4,train
4077,4,train
4078,4,train
4079,4,train
4080,4,train
4081,4,train
4082,4,train
4083,4,train
4084,4,train
4085,4,train
4086,4,train
4087,4,train
4088,4,train
4089,1,train
4090,1,train
4091,1,train
4092,1,train
4093,1,train
4094,1,train
4095,1,train
4096,1,train
4097,1,train
4098,1,train
4099,1,train
4100,1,train
4101,1,train
4102,1,train
4103,1,train
4104,1,train
4105,1,train
4106,1,train
4107,1,train
4108,1,train
4109,1,train
4110,1,train
4111,1,train
4112,1,train
4113,1,train
4114,1,train
4115,1,train
4116,1,train
4117,1,train
4118,1,train
4119,1,train
4120,1,train
4121,1,train
4122,1,train
4123,1,train
4124,1,train
4125,1,train
4126,1,train
4127,1,train
4128,1,train
4129,1,train
4130,1,train
4131,1,train
4132,1,train
4133,1,train
4134,1,train
4135,1,train
4136,1,train
4137,1,train
4138,1,train
4139,1,train
4140,1,train
4141,1,train
4142,1,train
4143,1,train
4144,1,train
4145,1,train
4146,1,train
4147,1,train
4148,1,train
4149,1,train
4150,1,train
4151,1,train
4152,1,train
4153,1,train
4154,1,train
4155,1,train
4156,1,train
4157,1,train
4158,1,train
4159,1,train
4160,1,train
4161,1,train
4162,1,train
4163,1,train
4164,1,train
4165,1,train
4166,1,train
4167,1,train
4168,1,train
4169,1,train
4170,1,train
4171,1,train
4172,1,train
4173,1,train
4174,1,train
4175,1,train
4176,1,train
4177,1,train
4178,1,train
4179,1,train
4180,1,train
4181,1,train
4182,1,train
4183,1,train
4184,1,train
4185,1,train
4186,1,train
4187,1,train
4188,1,train
4189,1,train
4190,1,train
4191,1,train
4192,1,train
4193,1,train
4194,1,train
4195,1,train
4196,1,train
4197,1,train
4198,1,train
4199,1,train
4200,1,train
4201,1,train
4202,1,train
4203,1,train
4204,1,train
4205,1,train
4206,1,train
4207,1,train
4208,1,train
4209,1,train
4210,1,train
4211,1,train
4212,1,train
4213,1,train
4214,1,train
4215,1,train
4216,1,train
4217,1,train
4218,1,train
4219,1,train
4220,1,train
4221,1,train
4222,1,train
4223,1,train
4224,1,train
4225,1,train
4226,1,train
4227,1,train
4228,1,train
4229,1,train
4230,1,train
4231,1,train
4232,4,train
4233,4,train
4234,4,train
4235,4,train
4236,4,train
4237,4,train
4238,4,train
4239,4,train
4240,4,train
4241,4,train
4242,3,train
4243,3,train
4244,3,train
4245,3,train
4246,3,train
4247,3,train
4248,3,train
4249,3,train
4250,3,train
4251,3,train
4252,3,train
4253,3,train
4254,3,train
4255,3,train
4256,3,train
4257,3,train
4258,3,train
4259,3,train
4260,3,train
4261,3,train
4262,3,train
4263,3,train
4264,3,train
4265,3,train
4266,3,train
4267,3,train
4268,3,train
4269,3,train
4270,3,train
4271,3,train
4272,3,train
4273,3,train
4274,3,train
4275,3,train
4276,3,train
4277,3,train
4278,3,train
4279,3,train
4280,3,train
4281,3,train
4282,3,train
4283,3,train
4284,3,train
4285,3,train
4286,3,train
4287,3,train
4288,3,train
4289,3,train
4290,3,train
4291,3,train
4292,3,train
4293,3,train
4294,3,train
4295,3,train
4296,3,train
4297,3,train
4298,3,train
4299,3,train
4300,3,train
4301,3,train
4302,3,train
4303,3,train
4304,3,train
4305,3,train
4306,3,train
4307,3,train
4308,3,train
4309,3,train
4310,3,train
4311,3,train
4312,3,train
4313,3,train
4314,3,train
4315,3,train
4316,3,train
4317,3,train
4318,3,train
4319,3,train
4320,3,train
4321,3,train
4322,3,train
4323,3,train
4324,3,train
4325,3,train
4326,3,train
4327,3,train
4328,3,train
4329,3,train
4330,3,train
4331,3,train
4332,3,train
4333,3,train
4334,3,train
4335,3,train
4336,3,train
4337,3,train
4338,3,train
4339,3,train
4340,3,train
4341,3,train
4342,3,train
4343,3,train
4344,3,train
4345,3,train
4346,3,train
4347,3,train
4348,3,train
4349,3,train
4350,3,train
4351,3,train
4352,3,train
4353,3,train
4354,3,train
4355,3,train
4356,2,train
4357,2,train
4358,2,train
4359,2,train
4360,2,train
4361,2,train
4362,2,train
4363,2,train
4364,2,train
4365,2,train
4366,2,train
4367,2,train
4368,2,train
4369,2,train
4370,2,train
4371,2,train
4372,2,train
4373,2,train
4374,2,train
4375,2,train
4376,2,train
4377,2,train
4378,2,train
4379,2,train
4380,2,train
4381,2,train
4382,2,train
4383,2,train
4384,2,train
4385,2,train
4386,2,train
4387,2,train
4388,2,train
4389,2,train
4390,2,train
4391,2,train
4392,2,train
4393,2,train
4394,2,train
4395,2,train
4396,2,train
4397,2,train
4398,2,train
4399,2,train
4400,2,train
4401,2,train
4402,2,train
4403,2,train
4404,2,train
4405,2,train
4406,2,train
4407,2,train
4408,2,train
4409,2,train
4410,2,train
4411,2,train
4412,2,train
4413,2,train
4414,2,train
4415,2,train
4416,2,train
4417,2,train
4418,2,train
4419,2,train
4420,2,train
4421,2,train
4422,2,train
4423,2,train
4424,2,train
4425,2,train
4426,2,train
4427,2,train
4428,2,train
4429,2,train
4430,2,train
4431,2,train
4432,2,train
4433,2,train
4434,2,train
4435,2,train
4436,2,train
4437,2,train
4438,2,train
4439,2,train
4440,2,train
4441,2,train
4442,2,train
4443,2,train
4444,2,train
4445,2,train
4446,2,train
4447,2,train
4448,2,train
4449,2,train
4450,2,train
4451,2,train
4452,2,train
4453,2,train
4454,2,train
4455,2,train
4456,2,train
4457,2,train
4458,2,train
4459,2,train
4460,2,train
4461,2,train
4462,2,train
4463,2,train
4464,2,train
4465,2,train
4466,2,train
4467,2,train
4468,2,train
4469,2,train
4470,2,train
4471,2,train
4472,2,train
4473,2,train
4474,2,train
4475,2,train
4476,2,train
4477,2,train
4478,2,train
4479,2,train
4480,2,train
4481,2,train
4482,2,train
4483,2,train
4484,2,train
4485,2,train
4486,2,train
4487,2,train
4488,2,train
4489,2,train
4490,2,train
4491,2,train
4492,2,train
4493,2,train
4494,2,train
4495,2,train
4496,2,train
4497,2,train
4498,2,train
4499,2,train
4500,2,train
4501,2,train
4502,2,train
4503,2,train
4504,2,train
4505,2,train
4506,2,train
4507,2,train
4508,2,train
4509,2,train
4510,2,train
4511,2,train
4512,2,train
4513,2,train
4514,2,train
4515,2,train
4516,2,train
4517,2,train
4518,2,train
4519,2,train
4520,2,train
4521,2,train
4522,2,train
4523,2,train
4524,2,train
4525,2,train
4526,2,train
4527,2,train
4528,2,train
4529,2,train
4530,5,train
4531,5,train
4532,5,train
4533,5,train
4534,5,train
4535,5,train
4536,5,train
4537,5,train
4538,5,train
4539,5,train
4540,5,train
4541,5,train
4542,5,train
4543,5,train
4544,5,train
4545,5,train
4546,5,train
4547,5,train
4548,5,train
4549,5,train
4550,5,train
4551,5,train
4552,5,train
4553,5,train
4554,5,train
4555,5,train
4556,5,train
4557,5,train
4558,5,train
4559,5,train
4560,5,train
4561,5,train
4562,5,train
4563,5,train
4564,5,train
4565,5,train
4566,5,train
4567,5,train
4568,5,train
4569,5,train
4570,5,train
4571,5,train
4572,5,train
4573,5,train
4574,5,train
4575,5,train
4576,5,train
4577,5,train
4578,5,train
4579,5,train
4580,5,train
4581,5,train
4582,5,train
4583,5,train
4584,5,train
4585,5,train
4586,5,train
4587,5,train
4588,5,train
4589,5,train
4590,5,train
4591,5,train
4592,5,train
4593,5,train
4594,5,train
4595,5,train
4596,5,train
4597,5,train
4598,5,train
4599,5,train
4600,5,train
4601,5,train
4602,5,train
4603,5,train
4604,5,train
4605,5,train
4606,5,train
4607,5,train
4608,5,train
4609,5,train
4610,5,train
4611,5,train
4612,5,train
4613,5,train
4614,5,train
4615,5,train
4616,5,train
4617,5,train
4618,5,train
4619,5,train
4620,5,train
4621,5,train
4622,5,train
4623,5,train
4624,5,train
4625,5,train
4626,5,train
4627,5,train
4628,5,train
4629,5,train
4630,5,train
4631,5,train
4632,5,train
4633,5,train
4634,5,train
4635,5,train
4636,5,train
4637,5,train
4638,5,train
4639,5,train
4640,5,train
4641,5,train
4642,5,train
4643,5,train
4644,5,train
4645,5,train
4646,5,train
4647,5,train
4648,5,train
4649,8,train
4650,8,train
4651,8,train
4652,8,train
4653,8,train
4654,8,train
4655,8,train
4656,8,train
4657,8,train
4658,8,train
4659,8,train
4660,8,train
4661,8,train
4662,8,train
4663,8,train
4664,8,train
4665,8,train
4666,8,train
4667,8,train
4668,8,train
4669,8,train
4670,8,train
4671,8,train
4672,8,train
4673,8,train
4674,8,train
4675,8,train
4676,8,train
4677,8,train
4678,8,train
4679,8,train
4680,8,train
4681,8,train
4682,8,train
4683,8,train
4684,8,train
4685,8,train
4686,8,train
4687,8,train
4688,8,train
4689,8,train
4690,8,train
4691,8,train
4692,8,train
4693,8,train
4694,8,train
4695,8,train
4696,8,train
4697,8,train
4698,8,train
4699,8,train
4700,8,train
4701,8,train
4702,8,train
4703,8,train
4704,8,train
4705,8,train
4706,8,train
4707,8,train
4708,8,train
4709,8,train
4710,8,train
4711,8,train
4712,8,train
4713,8,train
4714,8,train
4715,8,train
4716,8,train
4717,8,train
4718,8,train
4719,8,train
4720,8,train
4721,8,train
4722,8,train
4723,8,train
4724,8,train
4725,8,train
4726,8,train
4727,8,train
4728,8,train
4729,8,train
4730,8,train
4731,8,train
4732,8,train
4733,8,train
4734,8,train
4735,8,train
4736,8,train
4737,8,train
4738,1,train
4739,1,train
4740,1,train
4741,1,train
4742,1,train
4743,1,train
4744,1,train
4745,1,train
4746,1,train
4747,1,train
4748,1,train
4749,1,train
4750,1,train
4751,1,train
4752,1,train
4753,1,train
4754,1,train
4755,1,train
4756,1,train
4757,1,train
4758,1,train
4759,1,train
4760,1,train
4761,4,train
4762,4,train
4763,4,train
4764,4,train
4765,4,train
4766,4,train
4767,4,train
4768,4,train
4769,4,train
4770,4,train
4771,4,train
4772,4,train
4773,4,train
4774,4,train
4775,4,train
4776,4,train
4777,4,train
4778,4,train
4779,4,train
4780,4,train
4781,4,train
4782,4,train
4783,4,train
4784,4,train
4785,4,train
4786,4,train
4787,4,train
4788,4,train
4789,4,train
4790,4,train
4791,4,train
4792,4,train
4793,4,train
4794,4,train
4795,4,train
4796,4,train
4797,4,train
4798,4,train
4799,4,train
4800,4,train
4801,4,train
4802,4,train
4803,4,train
4804,4,train
4805,4,train
4806,4,train
4807,4,train
4808,4,train
4809,4,train
4810,4,train
4811,4,train
4812,4,train
4813,4,train
4814,4,train
4815,4,train
4816,4,train
4817,4,train
4818,4,train
4819,4,train
4820,4,train
4821,4,train
4822,4,train
4823,4,train
4824,4,train
4825,4,train
4826,4,train
4827,4,train
4828,4,train
4829,4,train
4830,4,train
4831,4,train
4832,4,train
4833,4,train
4834,4,train
4835,4,train
4836,4,train
4837,4,train
4838,4,train
4839,4,train
4840,4,train
4841,4,train
4842,4,train
4843,4,train
4844,4,train
4845,4,train
4846,4,train
4847,4,train
4848,4,train
4849,4,train
4850,4,train
4851,4,train
4852,4,train
4853,4,train
4854,4,train
4855,4,train
4856,4,train
4857,4,train
4858,4,train
4859,4,train
4860,4,train
4861,4,train
4862,4,train
4863,4,train
4864,4,train
4865,4,train
4866,4,train
4867,4,train
4868,4,train
4869,4,train
4870,4,train
4871,4,train
4872,4,train
4873,4,train
4874,4,train
4875,4,train
4876,4,train
4877,4,train
4878,4,train
4879,4,train
4880,4,train
4881,4,train
4882,4,train
4883,4,train
4884,4,train
4885,4,train
4886,4,train
4887,4,train
4888,4,train
4889,4,train
4890,4,train
4891,4,train
4892,4,train
4893,4,train
4894,4,train
4895,4,train
4896,4,train
4897,4,train
4898,4,train
4899,4,train
4900,4,train
4901,4,train
4902,4,train
4903,7,validation
4904,7,validation
4905,7,validation
4906,7,validation
4907,7,validation
4908,7,validation
4909,7,validation
4910,7,validation
4911,7,validation
4912,7,validation
4913,7,validation
4914,7,validation
4915,7,validation
4916,7,validation
4917,7,validation
4918,7,validation
4919,7,validation
4920,7,validation
4921,7,validation
4922,7,validation
4923,7,validation
4924,7,validation
4925,7,validation
4926,7,validation
4927,7,validation
4928,7,validation
4929,7,validation
4930,7,validation
4931,7,validation
4932,7,validation
4933,7,validation
4934,7,validation
4935,7,validation
4936,7,validation
4937,7,validation
4938,7,validation
4939,7,validation
4940,7,validation
4941,7,validation
4942,7,validation
4943,7,validation
4944,7,validation
4945,7,validation
4946,7,validation
4947,7,validation
4948,7,validation
4949,7,validation
4950,7,validation
4951,7,validation
4952,7,validation
4953,7,validation
4954,7,validation
4955,7,validation
4956,7,validation
4957,7,validation
4958,7,validation
4959,7,validation
4960,0,test
4961,0,test
4962,0,test
4963,0,test
4964,0,test
4965,0,test
4966,0,test
4967,0,test
4968,0,test
4969,0,test
4970,0,test
4971,0,test
4972,0,test
4973,0,test
4974,0,test
4975,0,test
4976,0,test
4977,0,test
4978,0,test
4979,0,test
4980,0,test
4981,0,test
4982,0,test
4983,0,test
4984,0,test
4985,0,test
4986,0,test
4987,0,test
4988,0,test
4989,0,test
4990,0,test
4991,0,test
4992,0,test
4993,0,test
4994,0,test
4995,0,test
4996,0,test
4997,0,test
4998,0,test
4999,0,test
5000,0,test
5001,0,test
5002,0,test
5003,0,test
5004,0,test
5005,0,test
5006,0,test
5007,0,test
5008,0,test
5009,0,test
5010,0,test
5011,0,test
5012,0,test
5013,0,test
5014,0,test
5015,0,test
5016,0,test
5017,0,test
5018,0,test
5019,0,test
5020,0,test
5021,0,test
5022,0,test
5023,0,test
5024,0,test
5025,0,test
5026,0,test
5027,0,test
5028,0,test
5029,0,test
5030,0,test
5031,0,test
5032,0,test
5033,0,test
5034,0,test
5035,0,test
5036,0,test
5037,0,test
5038,0,test
5039,0,test
5040,0,test
5041,0,test
5042,0,test
5043,0,test
5044,0,test
5045,0,test
5046,0,test
5047,0,test
5048,0,test
5049,0,test
5050,0,test
5051,0,test
5052,0,test
5053,0,test
5054,0,test
5055,0,test
5056,0,test
5057,0,test
5058,0,test
5059,0,test
5060,0,test
5061,0,test
5062,0,test
5063,0,test
5064,0,test
5065,0,test
5066,0,test
5067,0,test
5068,0,test
5069,0,test
5070,0,test
5071,0,test
5072,0,test
5073,0,test
5074,0,test
5075,0,test
5076,0,test
5077,0,test
5078,0,test
5079,0,test
5080,0,test
5081,0,test
5082,0,test
5083,0,test
5084,0,test
5085,0,test
5086,0,test
5087,0,test
5088,0,test
5089,0,test
5090,9,train
5091,9,train
5092,9,train
5093,9,train
5094,9,train
5095,9,train
5096,9,train
5097,9,train
5098,9,train
5099,9,train
5100,9,train
5101,9,train
5102,9,train
5103,9,train
5104,9,train
5105,9,train
5106,9,train
5107,9,train
5108,9,train
5109,9,train
5110,9,train
5111,9,train
5112,9,train
5113,9,train
5114,9,train
5115,9,train
5116,9,train
5117,9,train
5118,9,train
5119,9,train
5120,9,train
5121,9,train
5122,9,train
5123,9,train
5124,9,train
5125,9,train
5126,9,train
5127,9,train
5128,9,train
5129,9,train
5130,9,train
5131,9,train
5132,9,train
5133,9,train
5134,9,train
5135,9,train
5136,9,train
5137,9,train
5138,9,train
5139,9,train
5140,9,train
5141,9,train
5142,9,train
5143,9,train
5144,9,train
5145,9,train
5146,9,train
5147,9,train
5148,9,train
5149,9,train
5150,9,train
5151,9,train
5152,9,train
5153,9,train
5154,9,train
5155,9,train
5156,9,train
5157,9,train
5158,9,train
5159,9,train
5160,9,train
5161,9,train
5162,9,train
5163,9,train
5164,9,train
5165,9,train
5166,9,train
5167,9,train
5168,9,train
5169,9,train
5170,9,train
5171,9,train
5172,9,train
5173,9,train
5174,9,train
5175,9,train
5176,9,train
5177,9,train
5178,9,train
5179,9,train
5180,9,train
5181,9,train
5182,9,train
5183,9,train
5184,9,train
5185,9,train
5186,9,train
5187,9,train
5188,9,train
5189,9,train
5190,9,train
5191,9,train
5192,9,train
5193,9,train
5194,9,train
5195,9,train
5196,9,train
5197,9,train
5198,9,train
5199,9,train
5200,9,train
5201,9,train
5202,9,train
5203,9,train
5204,9,train
5205,9,train
5206,9,train
5207,9,train
5208,9,train
5209,9,train
5210,9,train
5211,9,train
5212,9,train
5213,9,train
5214,9,train
5215,9,train
5216,9,train
5217,9,train
5218,9,train
5219,9,train
5220,9,train
5221,9,train
5222,9,train
5223,9,train
5224,9,train
5225,9,train
5226,9,train
5227,9,train
5228,9,train
5229,9,train
5230,9,train
5231,9,train
5232,9,train
5233,7,validation
5234,7,validation
5235,7,validation
5236,7,validation
5237,7,validation
5238,7,validation
5239,7,validation
5240,7,validation
5241,7,validation
5242,7,validation
5243,7,validation
5244,7,validation
5245,7,validation
5246,7,validation
5247,7,validation
5248,7,validation
5249,7,validation
5250,7,validation
5251,7,validation
5252,7,validation
5253,7,validation
5254,7,validation
5255,7,validation
5256,7,validation
5257,7,validation
5258,7,validation
5259,7,validation
5260,7,validation
5261,7,validation
5262,7,validation
5263,7,validation
5264,7,validation
5265,7,validation
5266,7,validation
5267,7,validation
5268,7,validation
5269,7,validation
5270,7,validation
5271,7,validation
5272,7,validation
5273,7,validation
5274,7,validation
5275,7,validation
5276,7,validation
5277,7,validation
5278,7,validation
5279,7,validation
5280,7,validation
5281,7,validation
5282,7,validation
5283,7,validation
5284,7,validation
5285,7,validation
5286,7,validation
5287,7,validation
5288,7,validation
5289,7,validation
5290,7,validation
5291,7,validation
5292,7,validation
5293,7,validation
5294,7,validation
5295,7,validation
5296,7,validation
5297,7,validation
5298,7,validation
5299,7,validation
5300,7,validation
5301,7,validation
5302,7,validation
5303,7,validation
5304,7,validation
5305,7,validation
5306,7,validation
5307,7,validation
5308,7,validation
5309,7,validation
5310,7,validation
5311,7,validation
5312,7,validation
5313,7,validation
5314,7,validation
5315,7,validation
5316,7,validation
5317,7,validation
5318,7,validation
5319,7,validation
5320,7,validation
5321,7,validation
5322,7,validation
5323,7,validation
5324,7,validation
5325,7,validation
5326,7,validation
5327,7,validation
5328,7,validation
5329,7,validation
5330,7,validation
5331,7,validation
5332,7,validation
5333,7,validation
5334,7,validation
5335,7,validation
5336,7,validation
5337,7,validation
5338,7,validation
5339,7,validation
5340,7,validation
5341,7,validation
5342,7,validation
5343,7,validation
5344,7,validation
5345,7,validation
5346,7,validation
5347,7,validation
5348,7,validation
5349,7,validation
5350,7,validation
5351,7,validation
5352,7,validation
5353,7,validation
5354,7,validation
5355,7,validation
5356,7,validation
5357,7,validation
5358,7,validation
5359,7,validation
5360,7,validation
5361,7,validation
5362,7,validation
5363,7,validation
5364,7,validation
5365,7,validation
5366,7,validation
5367,7,validation
5368,7,validation
5369,7,validation
5370,7,validation
5371,7,validation
5372,7,validation
5373,7,validation
5374,7,validation
5375,7,validation
5376,7,validation
5377,7,validation
5378,7,validation
5379,7,validation
5380,7,validation
5381,7,validation
5382,7,validation
5383,7,validation
5384,7,validation
5385,7,validation
5386,7,validation
5387,7,validation
5388,7,validation
5389,7,validation
5390,6,train
5391,6,train
5392,6,train
5393,6,train
5394,6,train
5395,6,train
5396,6,train
5397,6,train
5398,6,train
5399,6,train
5400,6,train
5401,6,train
5402,6,train
5403,6,train
5404,6,train
5405,6,train
5406,6,train
5407,6,train
5408,6,train
5409,6,train
5410,6,train
5411,6,train
5412,6,train
5413,6,train
5414,6,train
5415,6,train
5416,6,train
5417,6,train
5418,6,train
5419,6,train
5420,6,train
5421,6,train
5422,6,train
5423,6,train
5424,6,train
5425,6,train
5426,6,train
5427,6,train
5428,6,train
5429,6,train
5430,6,train
5431,6,train
5432,6,train
5433,6,train
5434,6,train
5435,6,train
5436,6,train
5437,6,train
5438,6,train
5439,6,train
5440,6,train
5441,6,train
5442,6,train
5443,6,train
5444,6,train
5445,6,train
5446,6,train
5447,6,train
5448,6,train
5449,6,train
5450,6,train
5451,6,train
5452,6,train
5453,6,train
5454,9,train
5455,9,train
5456,9,train
5457,9,train
5458,9,train
5459,9,train
5460,9,train
5461,9,train
5462,9,train
5463,9,train
5464,9,train
5465,9,train
5466,9,train
5467,9,train
5468,9,train
5469,9,train
5470,9,train
5471,9,train
5472,9,train
5473,9,train
5474,9,train
5475,9,train
5476,9,train
5477,9,train
5478,9,train
5479,9,train
5480,9,train
5481,9,train
5482,9,train
5483,9,train
5484,9,train
5485,9,train
5486,9,train
5487,9,train
5488,9,train
5489,9,train
5490,9,train
5491,9,train
5492,9,train
5493,9,train
5494,9,train
5495,9,train
5496,9,train
5497,9,train
5498,9,train
5499,9,train
5500,9,train
5501,9,train
5502,9,train
5503,9,train
5504,9,train
5505,9,train
5506,9,train
5507,9,train
5508,9,train
5509,9,train
5510,9,train
5511,9,train
5512,9,train
5513,9,train
5514,9,train
5515,9,train
5516,9,train
5517,9,train
5518,9,train
5519,9,train
5520,9,train
5521,9,train
5522,9,train
5523,9,train
5524,9,train
5525,9,train
5526,9,train
5527,9,train
5528,9,train
5529,9,train
5530,9,train
5531,9,train
5532,9,train
5533,9,train
5534,9,train
5535,9,train
5536,9,train
5537,9,train
5538,9,train
5539,9,train
5540,9,train
5541,9,train
5542,9,train
5543,9,train
5544,9,train
5545,9,train
5546,9,train
5547,9,train
5548,9,train
5549,9,train
5550,9,train
5551,9,train
5552,9,train
5553,9,train
5554,9,train
5555,9,train
5556,9,train
5557,9,train
5558,9,train
5559,9,train
5560,9,train
5561,9,train
5562,9,train
5563,9,train
5564,9,train
5565,9,train
5566,9,train
5567,9,train
5568,9,train
5569,9,train
5570,9,train
5571,9,train
5572,9,train
5573,9,train
5574,9,train
5575,9,train
5576,9,train
5577,9,train
5578,9,train
5579,9,train
5580,9,train
5581,9,train
5582,9,train
5583,9,train
5584,9,train
5585,9,train
5586,9,train
5587,9,train
5588,9,train
5589,9,train
5590,9,train
5591,9,train
5592,9,train
5593,9,train
5594,9,train
5595,9,train
5596,9,train
5597,9,train
5598,9,train
5599,9,train
5600,9,train
5601,9,train
5602,9,train
5603,9,train
5604,9,train
5605,9,train
5606,9,train
5607,9,train
5608,9,train
5609,9,train
5610,9,train
5611,9,train
5612,9,train
5613,9,train
5614,9,train
5615,9,train
5616,9,train
5617,9,train
5618,9,train
5619,9,train
5620,9,train
5621,9,train
5622,9,train
5623,9,train
5624,9,train
5625,9,train
5626,9,train
5627,9,train
5628,9,train
5629,9,train
5630,9,train
5631,9,train
5632,9,train
5633,9,train
5634,9,train
5635,9,train
5636,9,train
5637,9,train
5638,9,train
5639,9,train
5640,9,train
5641,9,train
5642,9,train
5643,9,train
5644,9,train
5645,9,train
5646,9,train
5647,9,train
5648,9,train
5649,9,train
5650,9,train
5651,9,train
5652,9,train
5653,9,train
5654,9,train
5655,9,train
5656,9,train
5657,9,train
5658,9,train
5659,9,train
5660,9,train
5661,9,train
5662,9,train
5663,9,train
5664,9,train
5665,9,train
5666,9,train
5667,9,train
5668,9,train
5669,9,train
5670,9,train
5671,9,train
5672,9,train
5673,9,train
5674,9,train
5675,9,train
5676,9,train
5677,9,train
5678,8,train
5679,8,train
5680,8,train
5681,8,train
5682,8,train
5683,8,train
5684,8,train
5685,8,train
5686,8,train
5687,8,train
5688,8,train
5689,8,train
5690,8,train
5691,8,train
5692,8,train
5693,8,train
5694,8,train
5695,8,train
5696,8,train
5697,8,train
5698,8,train
5699,8,train
5700,8,train
5701,8,train
5702,8,train
5703,8,train
5704,8,train
5705,8,train
5706,8,train
5707,8,train
5708,8,train
5709,8,train
5710,8,train
5711,8,train
5712,8,train
5713,8,train
5714,8,train
5715,8,train
5716,8,train
5717,8,train
5718,8,train
5719,8,train
5720,8,train
5721,8,train
5722,8,train
5723,8,train
5724,8,train
5725,8,train
5726,8,train
5727,8,train
5728,8,train
5729,8,train
5730,8,train
5731,8,train
5732,8,train
5733,8,train
5734,8,train
5735,8,train
5736,8,train
5737,8,train
5738,8,train
5739,8,train
5740,8,train
5741,8,train
5742,8,train
5743,8,train
5744,8,train
5745,8,train
5746,8,train
5747,8,train
5748,8,train
5749,8,train
5750,8,train
5751,8,train
5752,8,train
5753,8,train
5754,8,train
5755,8,train
5756,8,train
5757,8,train
5758,8,train
5759,8,train
5760,8,train
5761,8,train
5762,8,train
5763,8,train
5764,8,train
5765,8,train
5766,8,train
5767,8,train
5768,8,train
5769,8,train
5770,8,train
5771,8,train
5772,8,train
5773,8,train
5774,8,train
5775,8,train
5776,8,train
5777,8,train
5778,8,train
5779,8,train
5780,8,train
5781,8,train
5782,8,train
5783,8,train
5784,8,train
5785,8,train
5786,8,train
5787,8,train
5788,8,train
5789,8,train
5790,8,train
5791,8,train
5792,8,train
5793,8,train
5794,8,train
5795,8,train
5796,8,train
5797,8,train
5798,8,train
5799,8,train
5800,8,train
5801,8,train
5802,8,train
5803,8,train
5804,8,train
5805,8,train
5806,8,train
5807,8,train
5808,8,train
5809,8,train
5810,8,train
5811,8,train
5812,8,train
5813,8,train
5814,8,train
5815,8,train
5816,8,train
5817,8,train
5818,8,train
5819,8,train
5820,8,train
5821,8,train
5822,8,train
5823,8,train
5824,8,train
5825,8,train
5826,8,train
5827,8,train
5828,8,train
5829,8,train
5830,8,train
5831,8,train
5832,8,train
5833,8,train
5834,8,train
5835,8,train
5836,8,train
5837,8,train
5838,8,train
5839,8,train
5840,8,train
5841,8,train
5842,8,train
5843,8,train
5844,8,train
5845,1,train
5846,1,train
5847,1,train
5848,1,train
5849,1,train
5850,1,train
5851,1,train
5852,1,train
5853,1,train
5854,1,train
5855,1,train
5856,1,train
5857,1,train
5858,1,train
5859,1,train
5860,1,train
5861,1,train
5862,1,train
5863,1,train
5864,1,train
5865,1,train
5866,1,train
5867,1,train
5868,1,train
5869,1,train
5870,1,train
5871,1,train
5872,1,train
5873,1,train
5874,1,train
5875,1,train
5876,1,train
5877,1,train
5878,1,train
5879,1,train
5880,1,train
5881,1,train
5882,1,train
5883,1,train
5884,1,train
5885,1,train
5886,1,train
5887,1,train
5888,1,train
5889,1,train
5890,1,train
5891,1,train
5892,1,train
5893,1,train
5894,1,train
5895,1,train
5896,1,train
5897,1,train
5898,1,train
5899,1,train
5900,1,train
5901,1,train
5902,1,train
5903,1,train
5904,1,train
5905,1,train
5906,1,train
5907,1,train
5908,1,train
5909,1,train
5910,1,train
5911,1,train
5912,1,train
5913,1,train
5914,1,train
5915,1,train
5916,1,train
5917,1,train
5918,1,train
5919,1,train
5920,1,train
5921,1,train
5922,1,train
5923,1,train
5924,1,train
5925,1,train
5926,1,train
5927,1,train
5928,1,train
5929,1,train
5930,1,train
5931,1,train
5932,1,train
5933,1,train
5934,1,train
5935,1,train
5936,1,train
5937,1,train
5938,4,train
5939,4,train
5940,4,train
5941,4,train
5942,4,train
5943,4,train
5944,4,train
5945,4,train
5946,4,train
5947,4,train
5948,4,train
5949,4,train
5950,4,train
5951,4,train
5952,4,train
5953,4,train
5954,4,train
5955,4,train
5956,4,train
5957,4,train
5958,4,train
5959,4,train
5960,4,train
5961,4,train
5962,4,train
5963,4,train
5964,4,train
5965,4,train
5966,4,train
5967,4,train
5968,4,train
5969,4,train
5970,4,train
5971,4,train
5972,4,train
5973,4,train
5974,4,train
5975,4,train
5976,4,train
5977,4,train
5978,4,train
5979,4,train
5980,4,train
5981,4,train
5982,4,train
5983,4,train
5984,4,train
5985,4,train
5986,4,train
5987,4,train
5988,4,train
5989,4,train
5990,4,train
5991,4,train
5992,4,train
5993,4,train
5994,4,train
5995,4,train
5996,4,train
5997,4,train
5998,4,train
5999,4,train
6000,4,train
6001,4,train
6002,3,train
6003,3,train
6004,3,train
6005,3,train
6006,3,train
6007,3,train
6008,3,train
6009,3,train
6010,3,train
6011,3,train
6012,3,train
6013,3,train
6014,3,train
6015,3,train
6016,3,train
6017,3,train
6018,3,train
6019,3,train
6020,3,train
6021,3,train
6022,3,train
6023,3,train
6024,3,train
6025,3,train
6026,3,train
6027,3,train
6028,3,train
6029,3,train
6030,3,train
6031,3,train
6032,3,train
6033,3,train
6034,3,train
6035,3,train
6036,3,train
6037,3,train
6038,3,train
6039,3,train
6040,3,train
6041,3,train
6042,3,train
6043,3,train
6044,3,train
6045,3,train
6046,3,train
6047,3,train
6048,3,train
6049,3,train
6050,3,train
6051,3,train
6052,3,train
6053,3,train
6054,3,train
6055,3,train
6056,3,train
6057,3,train
6058,3,train
6059,3,train
6060,3,train
6061,3,train
6062,3,train
6063,3,train
6064,3,train
6065,3,train
6066,3,train
6067,3,train
6068,3,train
6069,3,train
6070,3,train
6071,3,train
6072,3,train
6073,3,train
6074,3,train
6075,3,train
6076,3,train
6077,3,train
6078,3,train
6079,3,train
6080,3,train
6081,3,train
6082,3,train
6083,3,train
6084,3,train
6085,3,train
6086,3,train
6087,3,train
6088,3,train
6089,3,train
6090,9,train
6091,9,train
6092,9,train
6093,9,train
6094,9,train
6095,9,train
6096,9,train
6097,9,train
6098,9,train
6099,9,train
6100,9,train
6101,9,train
6102,9,train
6103,9,train
6104,9,train
6105,9,train
6106,9,train
6107,9,train
6108,9,train
6109,9,train
6110,9,train
6111,9,train
6112,9,train
6113,0,test
6114,0,test
6115,0,test
6116,0,test
6117,0,test
6118,0,test
6119,0,test
6120,0,test
6121,0,test
6122,0,test
6123,0,test
6124,0,test
6125,0,test
6126,0,test
6127,0,test
6128,0,test
6129,0,test
6130,2,train
6131,2,train
6132,2,train
6133,2,train
6134,2,train
6135,2,train
6136,2,train
6137,2,train
6138,2,train
6139,2,train
6140,2,train
6141,2,train
6142,2,train
6143,2,train
6144,2,train
6145,2,train
6146,2,train
6147,2,train
6148,2,train
6149,2,train
6150,2,train
6151,2,train
6152,2,train
6153,2,train
6154,2,train
6155,2,train
6156,2,train
6157,2,train
6158,2,train
6159,2,train
6160,2,train
6161,4,train
6162,4,train
6163,4,train
6164,4,train
6165,4,train
6166,4,train
6167,4,train
6168,4,train
6169,4,train
6170,4,train
6171,4,train
6172,4,train
6173,4,train
6174,4,train
6175,4,train
6176,4,train
6177,4,train
6178,4,train
6179,4,train
6180,4,train
6181,4,train
6182,4,train
6183,4,train
6184,4,train
6185,2,train
6186,2,train
6187,2,train
6188,2,train
6189,2,train
6190,2,train
6191,2,train
6192,2,train
6193,2,train
6194,2,train
6195,2,train
6196,2,train
6197,2,train
6198,2,train
6199,2,train
6200,2,train
6201,2,train
6202,2,train
6203,2,train
6204,2,train
6205,2,train
6206,2,train
6207,2,train
6208,2,train
6209,2,train
6210,2,train
6211,2,train
6212,2,train
6213,2,train
6214,2,train
6215,2,train
6216,2,train
6217,2,train
6218,2,train
6219,2,train
6220,2,train
6221,2,train
6222,2,train
6223,2,train
6224,2,train
6225,2,train
6226,2,train
6227,2,train
6228,7,validation
6229,7,validation
6230,7,validation
6231,7,validation
6232,7,validation
6233,7,validation
6234,7,validation
6235,7,validation
6236,7,validation
6237,7,validation
6238,7,validation
6239,7,validation
6240,7,validation
6241,7,validation
6242,7,validation
6243,7,validation
6244,7,validation
6245,7,validation
6246,7,validation
6247,8,train
6248,8,train
6249,8,train
6250,8,train
6251,8,train
6252,8,train
6253,8,train
6254,8,train
6255,8,train
6256,8,train
6257,8,train
6258,8,train
6259,8,train
6260,8,train
6261,8,train
6262,8,train
6263,8,train
6264,8,train
6265,8,train
6266,7,validation
6267,7,validation
6268,7,validation
6269,7,validation
6270,7,validation
6271,7,validation
6272,7,validation
6273,7,validation
6274,7,validation
6275,7,validation
6276,7,validation
6277,7,validation
6278,7,validation
6279,7,validation
6280,0,test
6281,0,test
6282,0,test
6283,0,test
6284,0,test
6285,0,test
6286,0,test
6287,0,test
6288,0,test
6289,0,test
6290,0,test
6291,0,test
6292,0,test
6293,0,test
6294,0,test
6295,0,test
6296,0,test
6297,0,test
6298,0,test
6299,0,test
6300,0,test
6301,0,test
6302,0,test
6303,0,test
6304,0,test
6305,0,test
6306,0,test
6307,0,test
6308,0,test
6309,1,train
6310,1,train
6311,1,train
6312,1,train
6313,1,train
6314,1,train
6315,1,train
6316,1,train
6317,1,train
6318,1,train
6319,1,train
6320,1,train
6321,1,train
6322,1,train
6323,1,train
6324,1,train
6325,1,train
6326,1,train
6327,1,train
6328,1,train
6329,1,train
6330,1,train
6331,1,train
6332,1,train
6333,1,train
6334,5,train
6335,5,train
6336,5,train
6337,5,train
6338,8,train
6339,8,train
6340,8,train
6341,8,train
6342,8,train
6343,8,train
6344,8,train
6345,8,train
6346,8,train
6347,8,train
6348,8,train
6349,8,train
6350,8,train
6351,2,train
6352,2,train
6353,2,train
6354,2,train
6355,2,train
6356,2,train
6357,2,train
6358,2,train
6359,2,train
6360,2,train
6361,2,train
6362,2,train
6363,2,train
6364,2,train
6365,2,train
6366,2,train
6367,2,train
6368,2,train
6369,2,train
6370,2,train
6371,2,train
6372,2,train
6373,2,train
6374,2,train
6375,2,train
6376,2,train
6377,2,train
6378,2,train
6379,6,train
6380,6,train
6381,6,train
6382,6,train
6383,6,train
6384,6,train
6385,6,train
6386,6,train
6387,6,train
6388,6,train
6389,6,train
6390,6,train
6391,6,train
6392,6,train
6393,6,train
6394,6,train
6395,6,train
6396,6,train
6397,6,train
6398,6,train
6399,6,train
6400,6,train
6401,6,train
6402,6,train
6403,6,train
6404,6,train
6405,6,train
6406,6,train
6407,6,train
6408,8,train
6409,8,train
6410,8,train
6411,8,train
6412,8,train
6413,8,train
6414,8,train
6415,8,train
6416,8,train
6417,8,train
6418,8,train
6419,8,train
6420,8,train
6421,8,train
6422,8,train
6423,8,train
6424,8,train
6425,8,train
6426,8,train
6427,1,train
6428,1,train
6429,1,train
6430,1,train
6431,1,train
6432,1,train
6433,1,train
6434,1,train
6435,1,train
6436,1,train
6437,1,train
6438,1,train
6439,1,train
6440,1,train
6441,1,train
6442,1,train
6443,1,train
6444,1,train
6445,1,train
6446,1,train
6447,1,train
6448,1,train
6449,1,train
6450,1,train
6451,1,train
6452,1,train
6453,1,train
6454,0,test
6455,0,test
6456,0,test
6457,0,test
6458,0,test
6459,0,test
6460,0,test
6461,0,test
6462,0,test
6463,0,test
6464,0,test
6465,0,test
6466,0,test
6467,0,test
6468,0,test
6469,0,test
6470,0,test
6471,0,test
6472,0,test
6473,0,test
6474,0,test
6475,0,test
6476,0,test
6477,0,test
6478,0,test
6479,0,test
6480,0,test
6481,0,test
6482,0,test
6483,0,test
6484,0,test
6485,0,test
6486,0,test
6487,0,test
6488,0,test
6489,0,test
6490,0,test
6491,0,test
6492,0,test
6493,0,test
6494,3,train
6495,3,train
6496,3,train
6497,3,train
6498,3,train
6499,3,train
6500,3,train
6501,3,train
6502,3,train
6503,3,train
6504,3,train
6505,3,train
6506,3,train
6507,3,train
6508,3,train
6509,3,train
6510,3,train
6511,3,train
6512,3,train
6513,3,train
6514,3,train
6515,3,train
6516,3,train
6517,3,train
6518,3,train
6519,3,train
6520,3,train
6521,3,train
6522,4,train
6523,4,train
6524,4,train
6525,4,train
6526,4,train
6527,4,train
6528,4,train
6529,4,train
6530,4,train
6531,4,train
6532,4,train
6533,4,train
6534,4,train
6535,4,train
6536,4,train
6537,4,train
6538,4,train
6539,5,train
6540,5,train
6541,5,train
6542,5,train
6543,5,train
6544,5,train
6545,5,train
6546,5,train
6547,5,train
6548,5,train
6549,5,train
6550,5,train
6551,5,train
6552,3,train
6553,3,train
6554,3,train
6555,3,train
6556,3,train
6557,3,train
6558,3,train
6559,3,train
6560,3,train
6561,3,train
6562,3,train
6563,3,train
6564,3,train
6565,3,train
6566,3,train
6567,3,train
6568,3,train
6569,3,train
6570,3,train
6571,3,train
6572,3,train
6573,3,train
6574,3,train
6575,3,train
6576,3,train
6577,3,train
6578,3,train
6579,5,train
6580,5,train
6581,5,train
6582,5,train
6583,5,train
6584,5,train
6585,5,train
6586,5,train
6587,5,train
6588,5,train
6589,5,train
6590,5,train
6591,3,train
6592,3,train
6593,3,train
6594,3,train
6595,3,train
6596,3,train
6597,3,train
6598,3,train
6599,3,train
6600,3,train
6601,3,train
6602,3,train
6603,3,train
6604,3,train
6605,3,train
6606,3,train
6607,3,train
6608,3,train
6609,3,train
6610,3,train
6611,3,train
6612,3,train
6613,3,train
6614,3,train
6615,3,train
6616,3,train
6617,3,train
6618,3,train
6619,3,train
6620,3,train
6621,3,train
6622,3,train
6623,3,train
6624,3,train
6625,3,train
6626,3,train
6627,3,train
6628,3,train
6629,3,train
6630,3,train
6631,3,train
6632,3,train
6633,0,test
6634,0,test
6635,0,test
6636,0,test
6637,0,test
6638,0,test
6639,0,test
6640,0,test
6641,0,test
6642,0,test
6643,0,test
6644,0,test
6645,0,test
6646,0,test
6647,0,test
6648,0,test
6649,0,test
6650,0,test
6651,3,train
6652,3,train
6653,3,train
6654,3,train
6655,3,train
6656,3,train
6657,3,train
6658,3,train
6659,3,train
6660,3,train
6661,3,train
6662,3,train
6663,3,train
6664,3,train
6665,3,train
6666,3,train
6667,3,train
6668,3,train
6669,3,train
6670,3,train
6671,7,validation
6672,7,validation
6673,7,validation
6674,7,validation
6675,7,validation
6676,7,validation
6677,7,validation
6678,7,validation
6679,7,validation
6680,7,validation
6681,7,validation
6682,7,validation
6683,7,validation
6684,7,validation
6685,7,validation
6686,7,validation
6687,7,validation
6688,0,test
6689,0,test
6690,0,test
6691,0,test
6692,0,test
6693,0,test
6694,0,test
6695,0,test
6696,8,train
6697,8,train
6698,8,train
6699,8,train
6700,8,train
6701,8,train
6702,8,train
6703,8,train
6704,8,train
6705,8,train
6706,8,train
6707,8,train
6708,8,train
6709,8,train
6710,8,train
6711,8,train
6712,8,train
6713,4,train
6714,4,train
6715,4,train
6716,4,train
6717,4,train
6718,4,train
6719,4,train
6720,4,train
6721,4,train
6722,4,train
6723,4,train
6724,4,train
6725,4,train
6726,4,train
6727,8,train
6728,8,train
6729,8,train
6730,8,train
6731,8,train
6732,8,train
6733,8,train
6734,8,train
6735,8,train
6736,8,train
6737,8,train
6738,8,train
6739,8,train
6740,2,train
6741,2,train
6742,2,train
6743,2,train
6744,2,train
6745,2,train
6746,2,train
6747,2,train
6748,2,train
6749,2,train
6750,2,train
6751,2,train
6752,2,train
6753,2,train
6754,2,train
6755,2,train
6756,2,train
6757,2,train
6758,2,train
6759,0,test
6760,0,test
6761,0,test
6762,0,test
6763,0,test
6764,0,test
6765,0,test
6766,0,test
6767,0,test
6768,0,test
6769,0,test
6770,0,test
6771,0,test
6772,2,train
6773,2,train
6774,2,train
6775,2,train
6776,2,train
6777,2,train
6778,2,train
6779,2,train
6780,2,train
6781,2,train
6782,2,train
6783,2,train
6784,2,train
6785,2,train
6786,2,train
6787,2,train
6788,2,train
6789,2,train
6790,2,train
6791,2,train
6792,3,train
6793,3,train
6794,3,train
6795,3,train
6796,3,train
6797,3,train
6798,3,train
6799,3,train
6800,3,train
6801,3,train
6802,3,train
6803,3,train
6804,3,train
6805,3,train
6806,6,train
6807,6,train
6808,6,train
6809,6,train
6810,6,train
6811,6,train
6812,6,train
6813,6,train
6814,6,train
6815,6,train
6816,6,train
6817,6,train
6818,6,train
6819,6,train
6820,6,train
6821,6,train
6822,6,train
6823,6,train
6824,6,train
6825,6,train
6826,6,train
6827,6,train
6828,6,train
6829,6,train
6830,6,train
6831,6,train
6832,6,train
6833,6,train
6834,6,train
6835,6,train
6836,6,train
6837,0,test
6838,0,test
6839,0,test
6840,0,test
6841,0,test
6842,0,test
6843,0,test
6844,0,test
6845,0,test
6846,0,test
6847,0,test
6848,0,test
6849,0,test
6850,0,test
6851,0,test
6852,0,test
6853,0,test
6854,0,test
6855,0,test
6856,0,test
6857,0,test
6858,0,test
6859,0,test
6860,0,test
6861,2,train
6862,2,train
6863,2,train
6864,2,train
6865,2,train
6866,2,train
6867,2,train
6868,2,train
6869,2,train
6870,2,train
6871,2,train
6872,2,train
6873,2,train
6874,2,train
6875,2,train
6876,2,train
6877,2,train
6878,0,test
6879,0,test
6880,0,test
6881,0,test
6882,0,test
6883,0,test
6884,0,test
6885,0,test
6886,0,test
6887,0,test
6888,0,test
6889,0,test
6890,0,test
6891,0,test
6892,0,test
6893,0,test
6894,5,train
6895,5,train
6896,5,train
6897,5,train
6898,2,train
6899,2,train
6900,2,train
6901,2,train
6902,2,train
6903,2,train
6904,2,train
6905,2,train
6906,2,train
6907,2,train
6908,2,train
6909,2,train
6910,2,train
6911,2,train
6912,2,train
6913,2,train
6914,2,train
6915,2,train
6916,2,train
6917,2,train
6918,2,train
6919,2,train
6920,2,train
6921,2,train
6922,2,train
6923,2,train
6924,2,train
6925,2,train
6926,2,train
6927,2,train
6928,2,train
6929,1,train
6930,1,train
6931,1,train
6932,1,train
6933,1,train
6934,1,train
6935,1,train
6936,1,train
6937,1,train
6938,1,train
6939,1,train
6940,1,train
6941,1,train
6942,1,train
6943,1,train
6944,1,train
6945,1,train
6946,1,train
6947,1,train
6948,1,train
6949,1,train
6950,1,train
6951,1,train
6952,1,train
6953,1,train
6954,1,train
6955,1,train
6956,1,train
6957,1,train
6958,1,train
6959,1,train
6960,1,train
6961,1,train
6962,1,train
6963,1,train
6964,1,train
6965,1,train
6966,1,train
6967,1,train
6968,9,train
6969,9,train
6970,9,train
6971,5,train
6972,5,train
6973,5,train
6974,5,train
6975,5,train
6976,5,train
6977,5,train
6978,5,train
6979,5,train
6980,5,train
6981,0,test
6982,0,test
6983,0,test
6984,0,test
6985,0,test
6986,0,test
6987,0,test
6988,0,test
6989,0,test
6990,0,test
6991,0,test
6992,0,test
6993,0,test
6994,0,test
6995,0,test
6996,0,test
6997,0,test
6998,0,test
6999,0,test
7000,0,test
